title,company,location,date,category,full_text,source
"Full Stack Engineer (React, Next.js, Node & Python)Wisdom RecruitmentSRemote4 hours ago4 hrs",Wisdom RecruitmentS,,2026-05-04T09:51:58+05:30,Software Engineering,"Full Stack Engineer (React, Next.js, Node & Python) Wisdom RecruitmentS Remote 4 hours ago 4 hrs",itpro.lk
"Full Stack Engineer (React, Next.js, Node.js, NestJS) — UI/UX StrongCarePlan AIRemote01 May 202601 May",CarePlan AI,,2026-05-01T22:55:16+05:30,Software Engineering,"Full Stack Engineer (React, Next.js, Node.js, NestJS) — UI/UX Strong CarePlan AI Remote 01 May 2026 01 May",itpro.lk
Senior/Software EngineerPacificKodeColombo01 May 202601 May,PacificKode,,2026-05-01T13:02:55+05:30,Software Engineering,Senior/Software Engineer PacificKode Colombo 01 May 2026 01 May,itpro.lk
Full Stack Developer InternHotfix TechRemote01 May 202601 May,Hotfix Tech,,2026-05-01T12:14:02+05:30,Software Engineering,Full Stack Developer Intern Hotfix Tech Remote 01 May 2026 01 May,itpro.lk
Software DeveloperGlenzsoft (Pvt) LtdKandy01 May 202601 May,Glenzsoft (Pvt) Ltd,,2026-05-01T04:49:15+05:30,Software Engineering,Software Developer Glenzsoft (Pvt) Ltd Kandy 01 May 2026 01 May,itpro.lk
Intern – Back End DeveloperDI11 SoftRemote30 Apr 202630 Apr,DI11 Soft,,2026-04-30T21:30:23+05:30,Software Engineering,Intern – Back End Developer DI11 Soft Remote 30 Apr 2026 30 Apr,itpro.lk
Intern – Front End DeveloperDI11 SoftRemote30 Apr 202630 Apr,DI11 Soft,,2026-04-30T21:27:35+05:30,Software Engineering,Intern – Front End Developer DI11 Soft Remote 30 Apr 2026 30 Apr,itpro.lk
Senior Software Engineer - .NETVitalHub Innovations LabColombo29 Apr 202629 Apr,VitalHub Innovations Lab,,2026-04-29T19:59:37+05:30,Software Engineering,Senior Software Engineer - .NET VitalHub Innovations Lab Colombo 29 Apr 2026 29 Apr,itpro.lk
Software Engineering InternBiztatRemote29 Apr 202629 Apr,Biztat,,2026-04-29T06:09:48+05:30,Software Engineering,Software Engineering Intern Biztat Remote 29 Apr 2026 29 Apr,itpro.lk
Senior Laravel Full Stack DeveloperZB SolutionsKattankudy28 Apr 202628 Apr,ZB Solutions,,2026-04-28T19:19:11+05:30,Software Engineering,Senior Laravel Full Stack Developer ZB Solutions Kattankudy 28 Apr 2026 28 Apr,itpro.lk
Senior Software Engineer – .NET (API & Middleware)VS ONE WORLD (Pvt) LtdColombo26 Apr 202626 Apr,VS ONE WORLD (Pvt) Ltd,,2026-04-26T20:40:45+05:30,Software Engineering,Senior Software Engineer – .NET (API & Middleware) VS ONE WORLD (Pvt) Ltd Colombo 26 Apr 2026 26 Apr,itpro.lk
.NET DeveloperD HELP HUB Private LimitedRemote26 Apr 202626 Apr,D HELP HUB Private Limited,,2026-04-26T13:34:57+05:30,Software Engineering,.NET Developer D HELP HUB Private Limited Remote 26 Apr 2026 26 Apr,itpro.lk
Software EngineerD HELP HUB Private LimitedRemote26 Apr 202626 Apr,D HELP HUB Private Limited,,2026-04-26T09:44:32+05:30,Software Engineering,Software Engineer D HELP HUB Private Limited Remote 26 Apr 2026 26 Apr,itpro.lk
Software Engineer / Senior Software Engineer - SalesforceCMS (Pvt) LtdColombo21 Apr 202621 Apr,CMS (Pvt) Ltd,,2026-04-21T02:38:21+05:30,Software Engineering,Software Engineer / Senior Software Engineer - Salesforce CMS (Pvt) Ltd Colombo 21 Apr 2026 21 Apr,itpro.lk
Full Stack .NET EngineerCMS (Pvt) LtdColombo21 Apr 202621 Apr,CMS (Pvt) Ltd,,2026-04-21T02:23:17+05:30,Software Engineering,Full Stack .NET Engineer CMS (Pvt) Ltd Colombo 21 Apr 2026 21 Apr,itpro.lk
Software Engineer - InternYggranet TechnologiesRemote20 Apr 202620 Apr,Yggranet Technologies,,2026-04-20T15:59:31+05:30,Software Engineering,Software Engineer - Intern Yggranet Technologies Remote 20 Apr 2026 20 Apr,itpro.lk
Intern / Trainee Laravel Software Developer (Full Stack)InBizSys (Private) LimitedColombo20 Apr 202620 Apr,InBizSys (Private) Limited,,2026-04-20T15:34:03+05:30,Software Engineering,Intern / Trainee Laravel Software Developer (Full Stack) InBizSys (Private) Limited Colombo 20 Apr 2026 20 Apr,itpro.lk
Software Engineer InternSisenco DigitalColombo20 Apr 202620 Apr,Sisenco Digital,,2026-04-20T14:07:52+05:30,Software Engineering,Software Engineer Intern Sisenco Digital Colombo 20 Apr 2026 20 Apr,itpro.lk
Senior Software EngineerSurecore (Pvt) LtdRemote20 Apr 202620 Apr,Surecore (Pvt) Ltd,,2026-04-20T07:35:09+05:30,Software Engineering,Senior Software Engineer Surecore (Pvt) Ltd Remote 20 Apr 2026 20 Apr,itpro.lk
IT / Full-Stack DeveloperPrime Path SolutionsColombo17 Apr 202617 Apr,Prime Path Solutions,,2026-04-17T17:22:28+05:30,Software Engineering,IT / Full-Stack Developer Prime Path Solutions Colombo 17 Apr 2026 17 Apr,itpro.lk
Odoo DeveloperOdexo Technologies (Pvt) LtdColombo15 Apr 202615 Apr,Odexo Technologies (Pvt) Ltd,,2026-04-15T21:32:48+05:30,Software Engineering,Odoo Developer Odexo Technologies (Pvt) Ltd Colombo 15 Apr 2026 15 Apr,itpro.lk
Frontend Developer InternRanga Technologies (PineGen AI)Remote14 Apr 202614 Apr,Ranga Technologies (PineGen AI),,2026-04-14T12:42:48+05:30,Software Engineering,Frontend Developer Intern Ranga Technologies (PineGen AI) Remote 14 Apr 2026 14 Apr,itpro.lk
Full Stack Developer InternshipPortal (PVT) LTDRemote11 Apr 202611 Apr,Portal (PVT) LTD,,2026-04-11T19:40:49+05:30,Software Engineering,Full Stack Developer Internship Portal (PVT) LTD Remote 11 Apr 2026 11 Apr,itpro.lk
Software EngineerItechroColombo10 Apr 202610 Apr,Itechro,,2026-04-10T18:14:55+05:30,Software Engineering,Software Engineer Itechro Colombo 10 Apr 2026 10 Apr,itpro.lk
Senior Backend EngineerSilverline ITRemote10 Apr 202610 Apr,Silverline IT,,2026-04-10T10:54:44+05:30,Software Engineering,Senior Backend Engineer Silverline IT Remote 10 Apr 2026 10 Apr,itpro.lk
Software EngineerCeycertColombo09 Apr 202609 Apr,Ceycert,,2026-04-09T09:29:34+05:30,Software Engineering,Software Engineer Ceycert Colombo 09 Apr 2026 09 Apr,itpro.lk
Senior Software Engineer (.NET / C#)BISTEC GlobalRemote09 Apr 202609 Apr,BISTEC Global,,2026-04-09T03:11:52+05:30,Software Engineering,Senior Software Engineer (.NET / C#) BISTEC Global Remote 09 Apr 2026 09 Apr,itpro.lk
Senior Back End Developer ShopifyI4t LabsColombo08 Apr 202608 Apr,I4t Labs,,2026-04-08T20:17:09+05:30,Software Engineering,Senior Back End Developer Shopify I4t Labs Colombo 08 Apr 2026 08 Apr,itpro.lk
"Associate Software Engineer – React, Spring BootSilverline ITRemote08 Apr 202608 Apr",Silverline IT,,2026-04-08T10:23:48+05:30,Software Engineering,"Associate Software Engineer – React, Spring Boot Silverline IT Remote 08 Apr 2026 08 Apr",itpro.lk
Software Developer InternGlamer MediaRemote08 Apr 202608 Apr,Glamer Media,,2026-04-08T10:04:50+05:30,Software Engineering,Software Developer Intern Glamer Media Remote 08 Apr 2026 08 Apr,itpro.lk
Senior DeveloperDigit Web Lanka (Pvt) LtdJaffna07 Apr 202607 Apr,Digit Web Lanka (Pvt) Ltd,,2026-04-07T15:59:20+05:30,Software Engineering,Senior Developer Digit Web Lanka (Pvt) Ltd Jaffna 07 Apr 2026 07 Apr,itpro.lk
Full Stack Software Engineer – InternQbinomRemote04 Apr 202604 Apr,Qbinom,,2026-04-04T14:34:03+05:30,Software Engineering,Full Stack Software Engineer – Intern Qbinom Remote 04 Apr 2026 04 Apr,itpro.lk
Java Full-Stack DeveloperFinakle Mangement Solution (Pvt) LtdGampaha03 Apr 202603 Apr,Finakle Mangement Solution (Pvt) Ltd,,2026-04-03T12:26:53+05:30,Software Engineering,Java Full-Stack Developer Finakle Mangement Solution (Pvt) Ltd Gampaha 03 Apr 2026 03 Apr,itpro.lk
Intern Software EngineerVornex LabsRemote02 Apr 202602 Apr,Vornex Labs,,2026-04-02T21:41:00+05:30,Software Engineering,Intern Software Engineer Vornex Labs Remote 02 Apr 2026 02 Apr,itpro.lk
Full-Stack Software Engineer Intern (Paid)Nippon IT and Educational Solution (NITES)Colombo01 Apr 202601 Apr,Nippon IT and Educational Solution (NITES),,2026-04-01T13:11:45+05:30,Software Engineering,Full-Stack Software Engineer Intern (Paid) Nippon IT and Educational Solution (NITES) Colombo 01 Apr 2026 01 Apr,itpro.lk
Full Stack Software EngineerGlobal Training Network AlliancesMoratuwa01 Apr 202601 Apr,Global Training Network Alliances,,2026-04-01T09:18:25+05:30,Software Engineering,Full Stack Software Engineer Global Training Network Alliances Moratuwa 01 Apr 2026 01 Apr,itpro.lk
Senior Software Engineer – Java (Spring Boot)teccianceColombo31 Mar 202631 Mar,tecciance,,2026-03-31T17:35:50+05:30,Software Engineering,Senior Software Engineer – Java (Spring Boot) tecciance Colombo 31 Mar 2026 31 Mar,itpro.lk
Software Engineer – Java (Spring Boot)teccianceColombo31 Mar 202631 Mar,tecciance,,2026-03-31T17:30:01+05:30,Software Engineering,Software Engineer – Java (Spring Boot) tecciance Colombo 31 Mar 2026 31 Mar,itpro.lk
.NET Backend Developer (ASP.NET Core)IykonsVavuniya30 Mar 202630 Mar,Iykons,,2026-03-30T20:56:04+05:30,Software Engineering,.NET Backend Developer (ASP.NET Core) Iykons Vavuniya 30 Mar 2026 30 Mar,itpro.lk
Internship Project ManagerRanga Technologies (PineGen AI)Remote30 Mar 202630 Mar,Ranga Technologies (PineGen AI),,2026-03-30T10:14:14+05:30,Software Engineering,Internship Project Manager Ranga Technologies (PineGen AI) Remote 30 Mar 2026 30 Mar,itpro.lk
Software EngineerInstitute of Ocean Resource AnalysisColombo30 Mar 202630 Mar,Institute of Ocean Resource Analysis,,2026-03-30T09:32:53+05:30,Software Engineering,Software Engineer Institute of Ocean Resource Analysis Colombo 30 Mar 2026 30 Mar,itpro.lk
Java Full Stack DeveloperRemote30 Mar 202630 Mar,,,2026-03-30T07:53:39+05:30,Software Engineering,Java Full Stack Developer Remote 30 Mar 2026 30 Mar,itpro.lk
Full Stack Developer InternNuwali Digital SolutionsKandy29 Mar 202629 Mar,Nuwali Digital Solutions,,2026-03-29T22:36:04+05:30,Software Engineering,Full Stack Developer Intern Nuwali Digital Solutions Kandy 29 Mar 2026 29 Mar,itpro.lk
Senior Full-Stack Engineer (Al-Native)Rope DigitalRemote27 Mar 202627 Mar,Rope Digital,,2026-03-27T22:02:35+05:30,Software Engineering,Senior Full-Stack Engineer (Al-Native) Rope Digital Remote 27 Mar 2026 27 Mar,itpro.lk
Senior/Software EngineerPacificKodeColombo27 Mar 202627 Mar,PacificKode,,2026-03-27T15:57:05+05:30,Software Engineering,Senior/Software Engineer PacificKode Colombo 27 Mar 2026 27 Mar,itpro.lk
Trainee / Associate Full-Stack DeveloperWishmiQ LtdRemote27 Mar 202627 Mar,WishmiQ Ltd,,2026-03-27T06:43:27+05:30,Software Engineering,Trainee / Associate Full-Stack Developer WishmiQ Ltd Remote 27 Mar 2026 27 Mar,itpro.lk
Software Engineer / Senior Software Engineer / Tech LeadAmerckColombo26 Mar 202626 Mar,Amerck,,2026-03-26T15:15:00+05:30,Software Engineering,Software Engineer / Senior Software Engineer / Tech Lead Amerck Colombo 26 Mar 2026 26 Mar,itpro.lk
Senior Software EngineerWEBXPAYColombo25 Mar 202625 Mar,WEBXPAY,,2026-03-25T23:01:00+05:30,Software Engineering,Senior Software Engineer WEBXPAY Colombo 25 Mar 2026 25 Mar,itpro.lk
Full-Stack DeveloperDigiratina Technology SolutionsColombo25 Mar 202625 Mar,Digiratina Technology Solutions,,2026-03-25T21:06:02+05:30,Software Engineering,Full-Stack Developer Digiratina Technology Solutions Colombo 25 Mar 2026 25 Mar,itpro.lk
Senior Software EngineerEffectz.AlColombo23 Mar 202623 Mar,Effectz.Al,,2026-03-23T18:52:54+05:30,Software Engineering,Senior Software Engineer Effectz.Al Colombo 23 Mar 2026 23 Mar,itpro.lk
QA Engineer (Manual & Automation)Wisdom RecruitmentSRemote4 hours ago4 hrs,Wisdom RecruitmentS,,2026-05-04T09:53:47+05:30,Quality Assurance,QA Engineer (Manual & Automation) Wisdom RecruitmentS Remote 4 hours ago 4 hrs,itpro.lk
Associate Quality Assurance EngineereArrow (Pvt) LTDColombo03 May 202603 May,eArrow (Pvt) LTD,,2026-05-03T00:32:49+05:30,Quality Assurance,Associate Quality Assurance Engineer eArrow (Pvt) LTD Colombo 03 May 2026 03 May,itpro.lk
Quality Assurance InternHotfix TechRemote01 May 202601 May,Hotfix Tech,,2026-05-01T12:12:35+05:30,Quality Assurance,Quality Assurance Intern Hotfix Tech Remote 01 May 2026 01 May,itpro.lk
"QA Engineer Intern (Software Testing & Automation)Sisenco DigitalKottawa, Colombo30 Apr 202630 Apr",Sisenco Digital,,2026-04-30T11:33:40+05:30,Quality Assurance,"QA Engineer Intern (Software Testing & Automation) Sisenco Digital Kottawa, Colombo 30 Apr 2026 30 Apr",itpro.lk
Quality Assurance EngineerRightmo Web SolutionGalle28 Apr 202628 Apr,Rightmo Web Solution,,2026-04-28T11:44:23+05:30,Quality Assurance,Quality Assurance Engineer Rightmo Web Solution Galle 28 Apr 2026 28 Apr,itpro.lk
QE Engineer - API & IntegrationVS ONE WORLD (Pvt) LtdColombo26 Apr 202626 Apr,VS ONE WORLD (Pvt) Ltd,,2026-04-26T20:44:22+05:30,Quality Assurance,QE Engineer - API & Integration VS ONE WORLD (Pvt) Ltd Colombo 26 Apr 2026 26 Apr,itpro.lk
QA AssociateD HELP HUB Private LimitedRemote26 Apr 202626 Apr,D HELP HUB Private Limited,,2026-04-26T13:23:12+05:30,Quality Assurance,QA Associate D HELP HUB Private Limited Remote 26 Apr 2026 26 Apr,itpro.lk
Quality Assurance EngineerSurecore (Pvt) LtdColombo20 Apr 202620 Apr,Surecore (Pvt) Ltd,,2026-04-20T07:30:43+05:30,Quality Assurance,Quality Assurance Engineer Surecore (Pvt) Ltd Colombo 20 Apr 2026 20 Apr,itpro.lk
QA Engineer InternQbinomNugegoda18 Apr 202618 Apr,Qbinom,,2026-04-18T14:53:46+05:30,Quality Assurance,QA Engineer Intern Qbinom Nugegoda 18 Apr 2026 18 Apr,itpro.lk
Trainee Quality Assurance EngineerEchonLabsColombo15 Apr 202615 Apr,EchonLabs,,2026-04-15T15:09:53+05:30,Quality Assurance,Trainee Quality Assurance Engineer EchonLabs Colombo 15 Apr 2026 15 Apr,itpro.lk
Quality Assurance InternNippon IT and Educational Solution (NITES)Galle10 Apr 202610 Apr,Nippon IT and Educational Solution (NITES),,2026-04-10T19:06:11+05:30,Quality Assurance,Quality Assurance Intern Nippon IT and Educational Solution (NITES) Galle 10 Apr 2026 10 Apr,itpro.lk
Associate QA EngineerPredictiv AIColombo10 Apr 202610 Apr,Predictiv AI,,2026-04-10T09:49:09+05:30,Quality Assurance,Associate QA Engineer Predictiv AI Colombo 10 Apr 2026 10 Apr,itpro.lk
Software Quality Engineer - PerformanceVitalHub Innovations LabColombo09 Apr 202609 Apr,VitalHub Innovations Lab,,2026-04-09T16:03:30+05:30,Quality Assurance,Software Quality Engineer - Performance VitalHub Innovations Lab Colombo 09 Apr 2026 09 Apr,itpro.lk
Software Quality Engineer - Test AutomationVitalHub Innovations LabColombo09 Apr 202609 Apr,VitalHub Innovations Lab,,2026-04-09T16:01:27+05:30,Quality Assurance,Software Quality Engineer - Test Automation VitalHub Innovations Lab Colombo 09 Apr 2026 09 Apr,itpro.lk
QA Engineer – AI Agents & AutomationCoderraColombo09 Apr 202609 Apr,Coderra,,2026-04-09T13:26:45+05:30,Quality Assurance,QA Engineer – AI Agents & Automation Coderra Colombo 09 Apr 2026 09 Apr,itpro.lk
Senior QA Automation EngineerItechroColombo08 Apr 202608 Apr,Itechro,,2026-04-08T09:39:56+05:30,Quality Assurance,Senior QA Automation Engineer Itechro Colombo 08 Apr 2026 08 Apr,itpro.lk
Quality Assurance EngineerPacificKodeColombo07 Apr 202607 Apr,PacificKode,,2026-04-07T05:23:25+05:30,Quality Assurance,Quality Assurance Engineer PacificKode Colombo 07 Apr 2026 07 Apr,itpro.lk
Senior QA Engineer (Shopify)I4t LabsColombo06 Apr 202606 Apr,I4t Labs,,2026-04-06T20:19:38+05:30,Quality Assurance,Senior QA Engineer (Shopify) I4t Labs Colombo 06 Apr 2026 06 Apr,itpro.lk
Associate Quality Assurance EngineerKonektColombo06 Apr 202606 Apr,Konekt,,2026-04-06T12:29:27+05:30,Quality Assurance,Associate Quality Assurance Engineer Konekt Colombo 06 Apr 2026 06 Apr,itpro.lk
QA EngineerCodeSight GlobalKandy03 Apr 202603 Apr,CodeSight Global,,2026-04-03T14:03:49+05:30,Quality Assurance,QA Engineer CodeSight Global Kandy 03 Apr 2026 03 Apr,itpro.lk
Senior QA Engineer - Manual + AutomationteccianceColombo31 Mar 202631 Mar,tecciance,,2026-03-31T14:08:10+05:30,Quality Assurance,Senior QA Engineer - Manual + Automation tecciance Colombo 31 Mar 2026 31 Mar,itpro.lk
QA Engineer - Manual + AutomationteccianceColombo31 Mar 202631 Mar,tecciance,,2026-03-31T14:05:33+05:30,Quality Assurance,QA Engineer - Manual + Automation tecciance Colombo 31 Mar 2026 31 Mar,itpro.lk
Intern QA EngineerOnsys TechnologiesColombo31 Mar 202631 Mar,Onsys Technologies,,2026-03-31T10:12:18+05:30,Quality Assurance,Intern QA Engineer Onsys Technologies Colombo 31 Mar 2026 31 Mar,itpro.lk
Senior Software Engineer in TestDigiratina Technology SolutionsColombo27 Mar 202627 Mar,Digiratina Technology Solutions,,2026-03-27T18:13:30+05:30,Quality Assurance,Senior Software Engineer in Test Digiratina Technology Solutions Colombo 27 Mar 2026 27 Mar,itpro.lk
Associate QA EngineerSurecore (Pvt) LtdColombo26 Mar 202626 Mar,Surecore (Pvt) Ltd,,2026-03-26T15:31:10+05:30,Quality Assurance,Associate QA Engineer Surecore (Pvt) Ltd Colombo 26 Mar 2026 26 Mar,itpro.lk
QA & Product Support InternWishmiQ LtdRemote26 Mar 202626 Mar,WishmiQ Ltd,,2026-03-26T04:27:23+05:30,Quality Assurance,QA & Product Support Intern WishmiQ Ltd Remote 26 Mar 2026 26 Mar,itpro.lk
Quality Assurance internshipsITX Digital Services (Pvt) LtdRemote18 Mar 202618 Mar,ITX Digital Services (Pvt) Ltd,,2026-03-18T15:49:09+05:30,Quality Assurance,Quality Assurance internships ITX Digital Services (Pvt) Ltd Remote 18 Mar 2026 18 Mar,itpro.lk
Senior Quality Assurance EngineerBISTEC GlobalRemote18 Mar 202618 Mar,BISTEC Global,,2026-03-18T14:27:01+05:30,Quality Assurance,Senior Quality Assurance Engineer BISTEC Global Remote 18 Mar 2026 18 Mar,itpro.lk
Senior Software Quality Engineer (Test Automation)VitalHub Innovations LabColombo16 Mar 202616 Mar,VitalHub Innovations Lab,,2026-03-16T23:11:15+05:30,Quality Assurance,Senior Software Quality Engineer (Test Automation) VitalHub Innovations Lab Colombo 16 Mar 2026 16 Mar,itpro.lk
Quality Assurance Engineeri4T LabsColombo16 Mar 202616 Mar,i4T Labs,,2026-03-16T14:55:28+05:30,Quality Assurance,Quality Assurance Engineer i4T Labs Colombo 16 Mar 2026 16 Mar,itpro.lk
Quality Assurance EngineerDigitalBee LabsColombo12 Mar 202612 Mar,DigitalBee Labs,,2026-03-12T12:33:21+05:30,Quality Assurance,Quality Assurance Engineer DigitalBee Labs Colombo 12 Mar 2026 12 Mar,itpro.lk
Trainee QA EngineerDigitalBee LabsColombo12 Mar 202612 Mar,DigitalBee Labs,,2026-03-12T12:30:58+05:30,Quality Assurance,Trainee QA Engineer DigitalBee Labs Colombo 12 Mar 2026 12 Mar,itpro.lk
Software Quality Assurance - InternQdesk AI Pvt LtdKandy10 Mar 202610 Mar,Qdesk AI Pvt Ltd,,2026-03-10T11:00:21+05:30,Quality Assurance,Software Quality Assurance - Intern Qdesk AI Pvt Ltd Kandy 10 Mar 2026 10 Mar,itpro.lk
Associate Quality Assurance EngineersEbeyonds (Pvt) LtdColombo09 Mar 202609 Mar,Ebeyonds (Pvt) Ltd,,2026-03-09T13:58:53+05:30,Quality Assurance,Associate Quality Assurance Engineers Ebeyonds (Pvt) Ltd Colombo 09 Mar 2026 09 Mar,itpro.lk
Quality EngineerPredictiv AIRemote09 Mar 202609 Mar,Predictiv AI,,2026-03-09T11:26:32+05:30,Quality Assurance,Quality Engineer Predictiv AI Remote 09 Mar 2026 09 Mar,itpro.lk
Senior QA Engineer (Manual & Automation)ORYSYS LimitedColombo09 Mar 202609 Mar,ORYSYS Limited,,2026-03-09T11:09:25+05:30,Quality Assurance,Senior QA Engineer (Manual & Automation) ORYSYS Limited Colombo 09 Mar 2026 09 Mar,itpro.lk
QA Engineer InternPerpova DevelopersRemote08 Mar 202608 Mar,Perpova Developers,,2026-03-08T01:25:10+05:30,Quality Assurance,QA Engineer Intern Perpova Developers Remote 08 Mar 2026 08 Mar,itpro.lk
Software QA EngineerServeME Pvt LtdRemote03 Mar 202603 Mar,ServeME Pvt Ltd,,2026-03-03T21:34:16+05:30,Quality Assurance,Software QA Engineer ServeME Pvt Ltd Remote 03 Mar 2026 03 Mar,itpro.lk
Senior Quality Assurance Engineer (Automation – Playwright)Digiratina Technology SolutionsColombo03 Mar 202603 Mar,Digiratina Technology Solutions,,2026-03-03T09:31:57+05:30,Quality Assurance,Senior Quality Assurance Engineer (Automation – Playwright) Digiratina Technology Solutions Colombo 03 Mar 2026 03 Mar,itpro.lk
QA Engineer (Manual + Automation)Pasovit Technologies Private LimitedRemote28 Feb 202628 Feb,Pasovit Technologies Private Limited,,2026-02-28T23:32:28+05:30,Quality Assurance,QA Engineer (Manual + Automation) Pasovit Technologies Private Limited Remote 28 Feb 2026 28 Feb,itpro.lk
Senior QA EngineerBISTEC GlobalRemote28 Feb 202628 Feb,BISTEC Global,,2026-02-28T23:27:47+05:30,Quality Assurance,Senior QA Engineer BISTEC Global Remote 28 Feb 2026 28 Feb,itpro.lk
QA Engineer - Onsite(Jaffna)MicroWeJaffna25 Feb 202625 Feb,MicroWe,,2026-02-25T10:59:42+05:30,Quality Assurance,QA Engineer - Onsite(Jaffna) MicroWe Jaffna 25 Feb 2026 25 Feb,itpro.lk
Associate QA EngineerH One Private LimitedColombo25 Feb 202625 Feb,H One Private Limited,,2026-02-25T01:14:49+05:30,Quality Assurance,Associate QA Engineer H One Private Limited Colombo 25 Feb 2026 25 Feb,itpro.lk
Intern / Junior QA EngineerAmerckColombo24 Feb 202624 Feb,Amerck,,2026-02-24T10:41:33+05:30,Quality Assurance,Intern / Junior QA Engineer Amerck Colombo 24 Feb 2026 24 Feb,itpro.lk
Intern QA EngineerFlxware TechnologiesColombo18 Feb 202618 Feb,Flxware Technologies,,2026-02-18T13:30:34+05:30,Quality Assurance,Intern QA Engineer Flxware Technologies Colombo 18 Feb 2026 18 Feb,itpro.lk
QA InternApplantics (PVT) LTDKurunegala10 Feb 202610 Feb,Applantics (PVT) LTD,,2026-02-10T09:18:03+05:30,Quality Assurance,QA Intern Applantics (PVT) LTD Kurunegala 10 Feb 2026 10 Feb,itpro.lk
QA EngineerInnobot HealthColombo06 Feb 202606 Feb,Innobot Health,,2026-02-06T03:36:47+05:30,Quality Assurance,QA Engineer Innobot Health Colombo 06 Feb 2026 06 Feb,itpro.lk
Intern QAHOTEL MATE PVT LTDColombo06 Feb 202606 Feb,HOTEL MATE PVT LTD,,2026-02-06T02:52:29+05:30,Quality Assurance,Intern QA HOTEL MATE PVT LTD Colombo 06 Feb 2026 06 Feb,itpro.lk
Web Developer (Wordpress) - InternMicroweb GlobalRemote27 Apr 202627 Apr,Microweb Global,,2026-04-27T23:55:28+05:30,Web Development,Web Developer (Wordpress) - Intern Microweb Global Remote 27 Apr 2026 27 Apr,itpro.lk
Web Developer  (WordPress / PHP)D HELP HUB Private LimitedRemote26 Apr 202626 Apr,D HELP HUB Private Limited,,2026-04-26T13:19:28+05:30,Web Development,Web Developer  (WordPress / PHP) D HELP HUB Private Limited Remote 26 Apr 2026 26 Apr,itpro.lk
Laravel/PHP and WordPress DeveloperZero24X TechnologyRemote23 Apr 202623 Apr,Zero24X Technology,,2026-04-23T21:48:47+05:30,Web Development,Laravel/PHP and WordPress Developer Zero24X Technology Remote 23 Apr 2026 23 Apr,itpro.lk
Full-Stack Web DeveloperBeesPoint (Pvt) LtdColombo22 Apr 202622 Apr,BeesPoint (Pvt) Ltd,,2026-04-22T14:32:49+05:30,Web Development,Full-Stack Web Developer BeesPoint (Pvt) Ltd Colombo 22 Apr 2026 22 Apr,itpro.lk
Web DeveloperE-Plus Business Solutions - PVT LtdColombo21 Apr 202621 Apr,E-Plus Business Solutions - PVT Ltd,,2026-04-21T06:02:38+05:30,Web Development,Web Developer E-Plus Business Solutions - PVT Ltd Colombo 21 Apr 2026 21 Apr,itpro.lk
Full Stack Developer Internship (Trainee)BR LankaColombo18 Apr 202618 Apr,BR Lanka,,2026-04-18T21:14:05+05:30,Web Development,Full Stack Developer Internship (Trainee) BR Lanka Colombo 18 Apr 2026 18 Apr,itpro.lk
Full Stack Developer Trainee InternshipITX Digital Services (PVT) LTDRemote10 Apr 202610 Apr,ITX Digital Services (PVT) LTD,,2026-04-10T12:54:30+05:30,Web Development,Full Stack Developer Trainee Internship ITX Digital Services (PVT) LTD Remote 10 Apr 2026 10 Apr,itpro.lk
"Junior Web DeveloperPrime One GlobalColombo, Jaffna, Vavuniya10 Apr 202610 Apr",Prime One Global,,2026-04-10T09:30:11+05:30,Web Development,"Junior Web Developer Prime One Global Colombo, Jaffna, Vavuniya 10 Apr 2026 10 Apr",itpro.lk
Web DevelopersEbeyonds (Pvt) LtdColombo07 Apr 202607 Apr,Ebeyonds (Pvt) Ltd,,2026-04-07T15:19:14+05:30,Web Development,Web Developers Ebeyonds (Pvt) Ltd Colombo 07 Apr 2026 07 Apr,itpro.lk
Web DeveloperTecooraRemote07 Apr 202607 Apr,Tecoora,,2026-04-07T11:38:00+05:30,Web Development,Web Developer Tecoora Remote 07 Apr 2026 07 Apr,itpro.lk
Junior Web Developer - eCommerce (Wordpress/Woocommerce & Shopify)BuildaStoreColombo06 Apr 202606 Apr,BuildaStore,,2026-04-06T17:30:27+05:30,Web Development,Junior Web Developer - eCommerce (Wordpress/Woocommerce & Shopify) BuildaStore Colombo 06 Apr 2026 06 Apr,itpro.lk
Full Stack Web DeveloperMobilecafe.lkRemote03 Apr 202603 Apr,Mobilecafe.lk,,2026-04-03T22:58:29+05:30,Web Development,Full Stack Web Developer Mobilecafe.lk Remote 03 Apr 2026 03 Apr,itpro.lk
Website Developer InternMillennexRajagiriya24 Mar 202624 Mar,Millennex,,2026-03-24T00:28:36+05:30,Web Development,Website Developer Intern Millennex Rajagiriya 24 Mar 2026 24 Mar,itpro.lk
WordPress Developer InternInnenta SolutionsRemote18 Mar 202618 Mar,Innenta Solutions,,2026-03-18T13:16:11+05:30,Web Development,WordPress Developer Intern Innenta Solutions Remote 18 Mar 2026 18 Mar,itpro.lk
Associate Web DeveloperEbeyonds (Pvt) LtdColombo09 Mar 202609 Mar,Ebeyonds (Pvt) Ltd,,2026-03-09T17:19:07+05:30,Web Development,Associate Web Developer Ebeyonds (Pvt) Ltd Colombo 09 Mar 2026 09 Mar,itpro.lk
Web DesignerEbeyonds (Pvt) LtdColombo09 Mar 202609 Mar,Ebeyonds (Pvt) Ltd,,2026-03-09T17:17:34+05:30,Web Development,Web Designer Ebeyonds (Pvt) Ltd Colombo 09 Mar 2026 09 Mar,itpro.lk
Web Development InternKoncepthiveRemote09 Mar 202609 Mar,Koncepthive,,2026-03-09T12:59:18+05:30,Web Development,Web Development Intern Koncepthive Remote 09 Mar 2026 09 Mar,itpro.lk
Web Content AssistantEbeyonds (Pvt) LtdColombo09 Mar 202609 Mar,Ebeyonds (Pvt) Ltd,,2026-03-09T10:18:29+05:30,Web Development,Web Content Assistant Ebeyonds (Pvt) Ltd Colombo 09 Mar 2026 09 Mar,itpro.lk
WordPress Developer / Website Product OwnerOuterspace DigitalColombo06 Mar 202606 Mar,Outerspace Digital,,2026-03-06T15:41:41+05:30,Web Development,WordPress Developer / Website Product Owner Outerspace Digital Colombo 06 Mar 2026 06 Mar,itpro.lk
Junior Web ExecutiveOlanka TravelsColombo28 Feb 202628 Feb,Olanka Travels,,2026-02-28T17:15:08+05:30,Web Development,Junior Web Executive Olanka Travels Colombo 28 Feb 2026 28 Feb,itpro.lk
Senior Web ExecutiveOlanka TravelsColombo28 Feb 202628 Feb,Olanka Travels,,2026-02-28T17:10:20+05:30,Web Development,Senior Web Executive Olanka Travels Colombo 28 Feb 2026 28 Feb,itpro.lk
Full-Stack Developer (Next.js) - remote or on-siteSISEO Digital SolutionsRemote10 Feb 202610 Feb,SISEO Digital Solutions,,2026-02-10T16:49:17+05:30,Web Development,Full-Stack Developer (Next.js) - remote or on-site SISEO Digital Solutions Remote 10 Feb 2026 10 Feb,itpro.lk
Full Stack EngineerALTURA XRemote10 Feb 202610 Feb,ALTURA X,,2026-02-10T05:07:08+05:30,Web Development,Full Stack Engineer ALTURA X Remote 10 Feb 2026 10 Feb,itpro.lk
Senior WordPress Web DevelopereSupportColombo07 Feb 202607 Feb,eSupport,,2026-02-07T01:40:05+05:30,Web Development,Senior WordPress Web Developer eSupport Colombo 07 Feb 2026 07 Feb,itpro.lk
iOS Engineer/Associate EngineerIdeahubColombo30 Apr 202630 Apr,Ideahub,,2026-04-30T11:55:58+05:30,Mobile Development,iOS Engineer/Associate Engineer Ideahub Colombo 30 Apr 2026 30 Apr,itpro.lk
"Associate Frontend Engineer (Mobile, React Native + Expo)Ruach HoldingsColombo29 Apr 202629 Apr",Ruach Holdings,,2026-04-29T06:25:07+05:30,Mobile Development,"Associate Frontend Engineer (Mobile, React Native + Expo) Ruach Holdings Colombo 29 Apr 2026 29 Apr",itpro.lk
Software Engineer - iOS PlatformIdeahubColombo28 Apr 202628 Apr,Ideahub,,2026-04-28T07:41:31+05:30,Mobile Development,Software Engineer - iOS Platform Ideahub Colombo 28 Apr 2026 28 Apr,itpro.lk
Flutter DeveloperLexwebRemote27 Apr 202627 Apr,Lexweb,,2026-04-27T09:38:40+05:30,Mobile Development,Flutter Developer Lexweb Remote 27 Apr 2026 27 Apr,itpro.lk
Full Stack Software Engineer (Flutter Mobile Development)Global Training Network AlliancesRemote24 Apr 202624 Apr,Global Training Network Alliances,,2026-04-24T00:36:40+05:30,Mobile Development,Full Stack Software Engineer (Flutter Mobile Development) Global Training Network Alliances Remote 24 Apr 2026 24 Apr,itpro.lk
React Native Developer (Junior)Remote03 Apr 202603 Apr,,,2026-04-03T11:19:21+05:30,Mobile Development,React Native Developer (Junior) Remote 03 Apr 2026 03 Apr,itpro.lk
Project Basis Mobile App PublisherEonTech Global GroupGalle28 Feb 202628 Feb,EonTech Global Group,,2026-02-28T17:19:19+05:30,Mobile Development,Project Basis Mobile App Publisher EonTech Global Group Galle 28 Feb 2026 28 Feb,itpro.lk
Software Engineer - Frontend & MobileDelivergateColombo27 Feb 202627 Feb,Delivergate,,2026-02-27T23:19:55+05:30,Mobile Development,Software Engineer - Frontend & Mobile Delivergate Colombo 27 Feb 2026 27 Feb,itpro.lk
Senior ASO Specialist (Mobile App SEO)Enliven DesignersRemote27 Feb 202627 Feb,Enliven Designers,,2026-02-27T13:58:59+05:30,Mobile Development,Senior ASO Specialist (Mobile App SEO) Enliven Designers Remote 27 Feb 2026 27 Feb,itpro.lk
Flutter Mobile DeveloperMicroWeJaffna23 Feb 202623 Feb,MicroWe,,2026-02-23T19:49:23+05:30,Mobile Development,Flutter Mobile Developer MicroWe Jaffna 23 Feb 2026 23 Feb,itpro.lk
Flutter Developer InternI4matrixRemote19 Feb 202619 Feb,I4matrix,,2026-02-19T20:59:57+05:30,Mobile Development,Flutter Developer Intern I4matrix Remote 19 Feb 2026 19 Feb,itpro.lk
Mobile Game DeveloperFlego InnovationColombo17 Feb 202617 Feb,Flego Innovation,,2026-02-17T10:36:09+05:30,Mobile Development,Mobile Game Developer Flego Innovation Colombo 17 Feb 2026 17 Feb,itpro.lk
Mobile App Developer Intern (Work From Home)ITX Digital Services (PVT) LTDRemote15 Feb 202615 Feb,ITX Digital Services (PVT) LTD,,2026-02-15T21:53:19+05:30,Mobile Development,Mobile App Developer Intern (Work From Home) ITX Digital Services (PVT) LTD Remote 15 Feb 2026 15 Feb,itpro.lk
Software Engineer - Android PlatformIdeahubColombo07 Feb 202607 Feb,Ideahub,,2026-02-07T07:43:45+05:30,Mobile Development,Software Engineer - Android Platform Ideahub Colombo 07 Feb 2026 07 Feb,itpro.lk
Mobile Application DeveloperArchnixColombo05 Feb 202605 Feb,Archnix,,2026-02-05T11:19:15+05:30,Mobile Development,Mobile Application Developer Archnix Colombo 05 Feb 2026 05 Feb,itpro.lk
IT Support InternNippon IT and Educational Solution (NITES)Galle3 hours ago3 hrs,Nippon IT and Educational Solution (NITES),,2026-05-04T10:34:18+05:30,IT and Operations,IT Support Intern Nippon IT and Educational Solution (NITES) Galle 3 hours ago 3 hrs,itpro.lk
Chief Information Security OfficerGlobalSync SolutionsColombo20 Apr 202620 Apr,GlobalSync Solutions,,2026-04-20T20:10:17+05:30,IT and Operations,Chief Information Security Officer GlobalSync Solutions Colombo 20 Apr 2026 20 Apr,itpro.lk
Chief Information Security Officer (CISO)Alliance Finance Company PLCColombo18 Apr 202618 Apr,Alliance Finance Company PLC,,2026-04-18T17:40:53+05:30,IT and Operations,Chief Information Security Officer (CISO) Alliance Finance Company PLC Colombo 18 Apr 2026 18 Apr,itpro.lk
Executive - IT and Cyber SecurityAbans Finance PLCColombo18 Apr 202618 Apr,Abans Finance PLC,,2026-04-18T13:41:16+05:30,IT and Operations,Executive - IT and Cyber Security Abans Finance PLC Colombo 18 Apr 2026 18 Apr,itpro.lk
IT Support Assistant (Intern)ITX Digital Services (Pvt) LtdColombo16 Apr 202616 Apr,ITX Digital Services (Pvt) Ltd,,2026-04-16T18:44:39+05:30,IT and Operations,IT Support Assistant (Intern) ITX Digital Services (Pvt) Ltd Colombo 16 Apr 2026 16 Apr,itpro.lk
Database Engineering Intern (DBA Intern)Onsys TechnologiesColombo08 Apr 202608 Apr,Onsys Technologies,,2026-04-08T04:24:32+05:30,IT and Operations,Database Engineering Intern (DBA Intern) Onsys Technologies Colombo 08 Apr 2026 08 Apr,itpro.lk
Associate – IT Helpdesk (L1 Technical Support)ORYSYS LimitedColombo08 Apr 202608 Apr,ORYSYS Limited,,2026-04-08T03:17:46+05:30,IT and Operations,Associate – IT Helpdesk (L1 Technical Support) ORYSYS Limited Colombo 08 Apr 2026 08 Apr,itpro.lk
Software Implementation OfficerICS Computer SystemsGampaha07 Apr 202607 Apr,ICS Computer Systems,,2026-04-07T18:54:37+05:30,IT and Operations,Software Implementation Officer ICS Computer Systems Gampaha 07 Apr 2026 07 Apr,itpro.lk
Data Entry OperatorGamage Recruiters (Pvt) LtdColombo07 Apr 202607 Apr,Gamage Recruiters (Pvt) Ltd,,2026-04-07T11:48:59+05:30,IT and Operations,Data Entry Operator Gamage Recruiters (Pvt) Ltd Colombo 07 Apr 2026 07 Apr,itpro.lk
Intern Embedded Systems EngineerSimpliFy LabsRemote06 Apr 202606 Apr,SimpliFy Labs,,2026-04-06T09:25:06+05:30,IT and Operations,Intern Embedded Systems Engineer SimpliFy Labs Remote 06 Apr 2026 06 Apr,itpro.lk
Senior SQL DeveloperCMS (Pvt) LtdColombo05 Apr 202605 Apr,CMS (Pvt) Ltd,,2026-04-05T14:20:32+05:30,IT and Operations,Senior SQL Developer CMS (Pvt) Ltd Colombo 05 Apr 2026 05 Apr,itpro.lk
Systems Administrator & Technical Support ExecutiveHeritage ExpedicionesColombo03 Apr 202603 Apr,Heritage Expediciones,,2026-04-03T09:34:40+05:30,IT and Operations,Systems Administrator & Technical Support Executive Heritage Expediciones Colombo 03 Apr 2026 03 Apr,itpro.lk
Deputy Head of SupportSPIL LabsColombo02 Apr 202602 Apr,SPIL Labs,,2026-04-02T21:24:02+05:30,IT and Operations,Deputy Head of Support SPIL Labs Colombo 02 Apr 2026 02 Apr,itpro.lk
Application Support EngineerOKLO Private LimitedColombo02 Apr 202602 Apr,OKLO Private Limited,,2026-04-02T12:09:56+05:30,IT and Operations,Application Support Engineer OKLO Private Limited Colombo 02 Apr 2026 02 Apr,itpro.lk
IT Support AssistantASN IT (Pvt) LtdKandy02 Apr 202602 Apr,ASN IT (Pvt) Ltd,,2026-04-02T09:02:55+05:30,IT and Operations,IT Support Assistant ASN IT (Pvt) Ltd Kandy 02 Apr 2026 02 Apr,itpro.lk
Cybersecurity InternH One Private LimitedColombo30 Mar 202630 Mar,H One Private Limited,,2026-03-30T19:35:23+05:30,IT and Operations,Cybersecurity Intern H One Private Limited Colombo 30 Mar 2026 30 Mar,itpro.lk
Security EngineerH One Private LimitedColombo30 Mar 202630 Mar,H One Private Limited,,2026-03-30T19:21:27+05:30,IT and Operations,Security Engineer H One Private Limited Colombo 30 Mar 2026 30 Mar,itpro.lk
Associate Security EngineerH One Private LimitedColombo30 Mar 202630 Mar,H One Private Limited,,2026-03-30T19:16:06+05:30,IT and Operations,Associate Security Engineer H One Private Limited Colombo 30 Mar 2026 30 Mar,itpro.lk
Engineer - Datacenter InfrastructureOak Integrated SystemsColombo30 Mar 202630 Mar,Oak Integrated Systems,,2026-03-30T19:00:01+05:30,IT and Operations,Engineer - Datacenter Infrastructure Oak Integrated Systems Colombo 30 Mar 2026 30 Mar,itpro.lk
IT InternTeardrop HotelsRajagiriya29 Mar 202629 Mar,Teardrop Hotels,,2026-03-29T21:23:27+05:30,IT and Operations,IT Intern Teardrop Hotels Rajagiriya 29 Mar 2026 29 Mar,itpro.lk
IT Help Desk Engineers (L1)Muve ColomboColombo29 Mar 202629 Mar,Muve Colombo,,2026-03-29T20:36:06+05:30,IT and Operations,IT Help Desk Engineers (L1) Muve Colombo Colombo 29 Mar 2026 29 Mar,itpro.lk
Digital Advisory AssociateDAPS Innovations Pvt LimitedColombo29 Mar 202629 Mar,DAPS Innovations Pvt Limited,,2026-03-29T19:44:36+05:30,IT and Operations,Digital Advisory Associate DAPS Innovations Pvt Limited Colombo 29 Mar 2026 29 Mar,itpro.lk
IT Support Assistant (Intern)ASN IT (Pvt) LtdKandy29 Mar 202629 Mar,ASN IT (Pvt) Ltd,,2026-03-29T18:03:58+05:30,IT and Operations,IT Support Assistant (Intern) ASN IT (Pvt) Ltd Kandy 29 Mar 2026 29 Mar,itpro.lk
ERP Solutions Consultant (Pre-Sales)BileetaColombo28 Mar 202628 Mar,Bileeta,,2026-03-28T16:14:23+05:30,IT and Operations,ERP Solutions Consultant (Pre-Sales) Bileeta Colombo 28 Mar 2026 28 Mar,itpro.lk
Software Support ExecutiveRapidventure Business SolutionsMalabe27 Mar 202627 Mar,Rapidventure Business Solutions,,2026-03-27T20:34:51+05:30,IT and Operations,Software Support Executive Rapidventure Business Solutions Malabe 27 Mar 2026 27 Mar,itpro.lk
Technical Presales EngineerFinetech ConsultancyColombo27 Mar 202627 Mar,Finetech Consultancy,,2026-03-27T16:58:28+05:30,IT and Operations,Technical Presales Engineer Finetech Consultancy Colombo 27 Mar 2026 27 Mar,itpro.lk
IT and Digital Support ExecutiveTheTaxiRajagiriya26 Mar 202626 Mar,TheTaxi,,2026-03-26T15:22:48+05:30,IT and Operations,IT and Digital Support Executive TheTaxi Rajagiriya 26 Mar 2026 26 Mar,itpro.lk
Product Support SpecialistNvisionColombo25 Mar 202625 Mar,Nvision,,2026-03-25T15:05:59+05:30,IT and Operations,Product Support Specialist Nvision Colombo 25 Mar 2026 25 Mar,itpro.lk
IT AssistantPanoramic Tour & TravelsWattala21 Mar 202621 Mar,Panoramic Tour & Travels,,2026-03-21T16:33:07+05:30,IT and Operations,IT Assistant Panoramic Tour & Travels Wattala 21 Mar 2026 21 Mar,itpro.lk
Application Support AnalystDigiratina Technology SolutionsColombo19 Mar 202619 Mar,Digiratina Technology Solutions,,2026-03-19T00:32:16+05:30,IT and Operations,Application Support Analyst Digiratina Technology Solutions Colombo 19 Mar 2026 19 Mar,itpro.lk
Customer Support Specialisti4T LabsColombo18 Mar 202618 Mar,i4T Labs,,2026-03-18T13:12:29+05:30,IT and Operations,Customer Support Specialist i4T Labs Colombo 18 Mar 2026 18 Mar,itpro.lk
Senior System Engineer / System EngineerPristine Solutions (Pvt) LtdColombo18 Mar 202618 Mar,Pristine Solutions (Pvt) Ltd,,2026-03-18T12:59:36+05:30,IT and Operations,Senior System Engineer / System Engineer Pristine Solutions (Pvt) Ltd Colombo 18 Mar 2026 18 Mar,itpro.lk
IT Support ExecutiveTS Technologies (Pvt) LtdColombo18 Mar 202618 Mar,TS Technologies (Pvt) Ltd,,2026-03-18T12:37:19+05:30,IT and Operations,IT Support Executive TS Technologies (Pvt) Ltd Colombo 18 Mar 2026 18 Mar,itpro.lk
Engineer - Information SecurityOak Integrated SystemsColombo17 Mar 202617 Mar,Oak Integrated Systems,,2026-03-17T11:28:24+05:30,IT and Operations,Engineer - Information Security Oak Integrated Systems Colombo 17 Mar 2026 17 Mar,itpro.lk
Assistant Manager – ITUB Finance PLCColombo17 Mar 202617 Mar,UB Finance PLC,,2026-03-17T11:24:43+05:30,IT and Operations,Assistant Manager – IT UB Finance PLC Colombo 17 Mar 2026 17 Mar,itpro.lk
IT Support InternVoxxSys International (PVT) LtdColombo15 Mar 202615 Mar,VoxxSys International (PVT) Ltd,,2026-03-15T09:58:23+05:30,IT and Operations,IT Support Intern VoxxSys International (PVT) Ltd Colombo 15 Mar 2026 15 Mar,itpro.lk
Business Associate / Executive - Finance AnalystOcean Lanka (Pvt) LtdMalwana14 Mar 202614 Mar,Ocean Lanka (Pvt) Ltd,,2026-03-14T17:08:39+05:30,IT and Operations,Business Associate / Executive - Finance Analyst Ocean Lanka (Pvt) Ltd Malwana 14 Mar 2026 14 Mar,itpro.lk
Intern System AdminSimato VAS Solutions (PVT) LtdColombo13 Mar 202613 Mar,Simato VAS Solutions (PVT) Ltd,,2026-03-13T11:34:35+05:30,IT and Operations,Intern System Admin Simato VAS Solutions (PVT) Ltd Colombo 13 Mar 2026 13 Mar,itpro.lk
Field Application Engineer / Pre-Sales EngineerParaqum TechnologiesColombo12 Mar 202612 Mar,Paraqum Technologies,,2026-03-12T12:25:44+05:30,IT and Operations,Field Application Engineer / Pre-Sales Engineer Paraqum Technologies Colombo 12 Mar 2026 12 Mar,itpro.lk
IT Support & Helpdesk / System AdministratorWaterlily LabsDehiwala11 Mar 202611 Mar,Waterlily Labs,,2026-03-11T12:27:03+05:30,IT and Operations,IT Support & Helpdesk / System Administrator Waterlily Labs Dehiwala 11 Mar 2026 11 Mar,itpro.lk
Internship - ITAlumex GroupSapugaskanda10 Mar 202610 Mar,Alumex Group,,2026-03-10T12:20:10+05:30,IT and Operations,Internship - IT Alumex Group Sapugaskanda 10 Mar 2026 10 Mar,itpro.lk
Specialist - Integration SupportPort City BPOColombo09 Mar 202609 Mar,Port City BPO,,2026-03-09T19:13:35+05:30,IT and Operations,Specialist - Integration Support Port City BPO Colombo 09 Mar 2026 09 Mar,itpro.lk
Cybersecurity Product Support - InterneBuilderColombo09 Mar 202609 Mar,eBuilder,,2026-03-09T15:50:54+05:30,IT and Operations,Cybersecurity Product Support - Intern eBuilder Colombo 09 Mar 2026 09 Mar,itpro.lk
Business Analyst InternWebtezza (Pvt) LtdRemote07 Mar 202607 Mar,Webtezza (Pvt) Ltd,,2026-03-07T14:39:05+05:30,IT and Operations,Business Analyst Intern Webtezza (Pvt) Ltd Remote 07 Mar 2026 07 Mar,itpro.lk
Administration Executive (IT)Athugala Credit & Investments Pvt LtdKurunegala05 Mar 202605 Mar,Athugala Credit & Investments Pvt Ltd,,2026-03-05T12:41:42+05:30,IT and Operations,Administration Executive (IT) Athugala Credit & Investments Pvt Ltd Kurunegala 05 Mar 2026 05 Mar,itpro.lk
Senior Technical WriterVitalHub Innovations LabColombo02 Mar 202602 Mar,VitalHub Innovations Lab,,2026-03-02T02:58:35+05:30,IT and Operations,Senior Technical Writer VitalHub Innovations Lab Colombo 02 Mar 2026 02 Mar,itpro.lk
Digital Transformation & Cyber Security Projects ExecutiveHalcyon Private LimitedJaela27 Feb 202627 Feb,Halcyon Private Limited,,2026-02-27T16:49:47+05:30,IT and Operations,Digital Transformation & Cyber Security Projects Executive Halcyon Private Limited Jaela 27 Feb 2026 27 Feb,itpro.lk
Intern - IT/Office AutomationMetropolitan TechnologiesColombo26 Feb 202626 Feb,Metropolitan Technologies,,2026-02-26T14:31:00+05:30,IT and Operations,Intern - IT/Office Automation Metropolitan Technologies Colombo 26 Feb 2026 26 Feb,itpro.lk
Assistant Manager - IT InfrastructurePMF Finance PLCColombo26 Feb 202626 Feb,PMF Finance PLC,,2026-02-26T11:24:53+05:30,IT and Operations,Assistant Manager - IT Infrastructure PMF Finance PLC Colombo 26 Feb 2026 26 Feb,itpro.lk
Manager - IT ServicesGamma Pizzakraft LankaColombo23 Feb 202623 Feb,Gamma Pizzakraft Lanka,,2026-02-23T21:31:28+05:30,IT and Operations,Manager - IT Services Gamma Pizzakraft Lanka Colombo 23 Feb 2026 23 Feb,itpro.lk
AWS Cloud InternH One Private LimitedColombo2 hours ago2 hrs,H One Private Limited,,2026-05-04T11:04:30+05:30,DevOps and Cloud,AWS Cloud Intern H One Private Limited Colombo 2 hours ago 2 hrs,itpro.lk
DevOps InternNavitsaMaharagama23 Apr 202623 Apr,Navitsa,,2026-04-23T22:56:24+05:30,DevOps and Cloud,DevOps Intern Navitsa Maharagama 23 Apr 2026 23 Apr,itpro.lk
DevOps EngineerRightmo Web SolutionGalle22 Apr 202622 Apr,Rightmo Web Solution,,2026-04-22T15:03:23+05:30,DevOps and Cloud,DevOps Engineer Rightmo Web Solution Galle 22 Apr 2026 22 Apr,itpro.lk
DevOps EngineerSurecore (Pvt) LtdColombo20 Apr 202620 Apr,Surecore (Pvt) Ltd,,2026-04-20T07:37:51+05:30,DevOps and Cloud,DevOps Engineer Surecore (Pvt) Ltd Colombo 20 Apr 2026 20 Apr,itpro.lk
DevOps Engineer InternIdea8 (Pvt) LtdKottawa09 Apr 202609 Apr,Idea8 (Pvt) Ltd,,2026-04-09T09:47:15+05:30,DevOps and Cloud,DevOps Engineer Intern Idea8 (Pvt) Ltd Kottawa 09 Apr 2026 09 Apr,itpro.lk
ServiceNow Functional ConsultantBISTEC GlobalRemote01 Apr 202601 Apr,BISTEC Global,,2026-04-01T21:45:05+05:30,DevOps and Cloud,ServiceNow Functional Consultant BISTEC Global Remote 01 Apr 2026 01 Apr,itpro.lk
Cloud Integration EngineerInvenza Digital TechnologiesColombo21 Mar 202621 Mar,Invenza Digital Technologies,,2026-03-21T15:41:01+05:30,DevOps and Cloud,Cloud Integration Engineer Invenza Digital Technologies Colombo 21 Mar 2026 21 Mar,itpro.lk
DevOps EngineersEbeyonds (Pvt) LtdColombo12 Mar 202612 Mar,Ebeyonds (Pvt) Ltd,,2026-03-12T14:24:24+05:30,DevOps and Cloud,DevOps Engineers Ebeyonds (Pvt) Ltd Colombo 12 Mar 2026 12 Mar,itpro.lk
Cloud Solutions ArchitectTech Pacific SolutionsColombo06 Mar 202606 Mar,Tech Pacific Solutions,,2026-03-06T12:20:30+05:30,DevOps and Cloud,Cloud Solutions Architect Tech Pacific Solutions Colombo 06 Mar 2026 06 Mar,itpro.lk
Intern – Cloud SolutionsTech Pacific SolutionsColombo06 Mar 202606 Mar,Tech Pacific Solutions,,2026-03-06T12:18:18+05:30,DevOps and Cloud,Intern – Cloud Solutions Tech Pacific Solutions Colombo 06 Mar 2026 06 Mar,itpro.lk
DevOps Manager/EngineerWell Treasure AsiaColombo19 Feb 202619 Feb,Well Treasure Asia,,2026-02-19T17:35:23+05:30,DevOps and Cloud,DevOps Manager/Engineer Well Treasure Asia Colombo 19 Feb 2026 19 Feb,itpro.lk
Senior DevOps EngineerNvisionColombo17 Feb 202617 Feb,Nvision,,2026-02-17T12:51:14+05:30,DevOps and Cloud,Senior DevOps Engineer Nvision Colombo 17 Feb 2026 17 Feb,itpro.lk
Internship: DevOps & Monitoring Engineer (Remote - German StartUp)SISEO Digital SolutionsRemote10 Feb 202610 Feb,SISEO Digital Solutions,,2026-02-10T16:49:04+05:30,DevOps and Cloud,Internship: DevOps & Monitoring Engineer (Remote - German StartUp) SISEO Digital Solutions Remote 10 Feb 2026 10 Feb,itpro.lk
AI/ML EngineerLimark TechnologiesColombo2 hours ago2 hrs,Limark Technologies,,2026-05-04T11:34:15+05:30,AI and Data,AI/ML Engineer Limark Technologies Colombo 2 hours ago 2 hrs,itpro.lk
AI & ML Engineer - InternDuovate InternationalRemote13 hours ago13 hrs,Duovate International,,2026-05-04T00:47:06+05:30,AI and Data,AI & ML Engineer - Intern Duovate International Remote 13 hours ago 13 hrs,itpro.lk
Data EngineerPacificKodeColombo02 May 202602 May,PacificKode,,2026-05-02T10:01:59+05:30,AI and Data,Data Engineer PacificKode Colombo 02 May 2026 02 May,itpro.lk
Senior AI/ML EngineerXavier AIColombo01 May 202601 May,Xavier AI,,2026-05-01T09:47:55+05:30,AI and Data,Senior AI/ML Engineer Xavier AI Colombo 01 May 2026 01 May,itpro.lk
AI/ML EngineerXavier AIColombo01 May 202601 May,Xavier AI,,2026-05-01T07:12:54+05:30,AI and Data,AI/ML Engineer Xavier AI Colombo 01 May 2026 01 May,itpro.lk
Associate AI/ML EngineerXavier AIColombo01 May 202601 May,Xavier AI,,2026-05-01T03:07:33+05:30,AI and Data,Associate AI/ML Engineer Xavier AI Colombo 01 May 2026 01 May,itpro.lk
AI DeveloperInnovayJaffna26 Apr 202626 Apr,Innovay,,2026-04-26T07:45:57+05:30,AI and Data,AI Developer Innovay Jaffna 26 Apr 2026 26 Apr,itpro.lk
AI EngineerAbsolx Core AIColombo25 Apr 202625 Apr,Absolx Core AI,,2026-04-25T09:26:51+05:30,AI and Data,AI Engineer Absolx Core AI Colombo 25 Apr 2026 25 Apr,itpro.lk
AI Infrastructure & MLOps EngineerAbsolx Core AIColombo25 Apr 202625 Apr,Absolx Core AI,,2026-04-25T09:26:49+05:30,AI and Data,AI Infrastructure & MLOps Engineer Absolx Core AI Colombo 25 Apr 2026 25 Apr,itpro.lk
Automation Trainee (Workflow Automation)Digit Web Lanka (Pvt) LtdJaffna24 Apr 202624 AprActively reviewing applications,Digit Web Lanka (Pvt) Ltd,,2026-04-24T12:26:50+05:30,AI and Data,Automation Trainee (Workflow Automation) Digit Web Lanka (Pvt) Ltd Jaffna 24 Apr 2026 24 Apr Actively reviewing applications,itpro.lk
Senior Power BI SpecialistAppz Makers Pvt LtdColombo22 Apr 202622 Apr,Appz Makers Pvt Ltd,,2026-04-22T12:51:43+05:30,AI and Data,Senior Power BI Specialist Appz Makers Pvt Ltd Colombo 22 Apr 2026 22 Apr,itpro.lk
Intern - Fullstack AI EngineerGalaxors PVT LTDRemote17 Apr 202617 Apr,Galaxors PVT LTD,,2026-04-17T13:29:09+05:30,AI and Data,Intern - Fullstack AI Engineer Galaxors PVT LTD Remote 17 Apr 2026 17 Apr,itpro.lk
Lead Machine Learning EngineerSilverline ITRemote10 Apr 202610 Apr,Silverline IT,,2026-04-10T10:52:12+05:30,AI and Data,Lead Machine Learning Engineer Silverline IT Remote 10 Apr 2026 10 Apr,itpro.lk
Executive / Senior Executive - Data AnalyticsHavelock City (Pvt) LtdColombo10 Apr 202610 Apr,Havelock City (Pvt) Ltd,,2026-04-10T10:04:49+05:30,AI and Data,Executive / Senior Executive - Data Analytics Havelock City (Pvt) Ltd Colombo 10 Apr 2026 10 Apr,itpro.lk
AI/ML EngineerIykonsVavuniya08 Apr 202608 Apr,Iykons,,2026-04-08T17:47:10+05:30,AI and Data,AI/ML Engineer Iykons Vavuniya 08 Apr 2026 08 Apr,itpro.lk
Data AnalystDigit Web Lanka (Pvt) LtdThirunelvely08 Apr 202608 AprActively reviewing applications,Digit Web Lanka (Pvt) Ltd,,2026-04-08T15:43:09+05:30,AI and Data,Data Analyst Digit Web Lanka (Pvt) Ltd Thirunelvely 08 Apr 2026 08 Apr Actively reviewing applications,itpro.lk
Machine Learning Engineer – InternSilverline ITRemote08 Apr 202608 Apr,Silverline IT,,2026-04-08T10:14:57+05:30,AI and Data,Machine Learning Engineer – Intern Silverline IT Remote 08 Apr 2026 08 Apr,itpro.lk
Data Analysts and Power BI Dashboard ExpertsAppz Makers Pvt LtdColombo29 Mar 202629 Mar,Appz Makers Pvt Ltd,,2026-03-29T22:42:52+05:30,AI and Data,Data Analysts and Power BI Dashboard Experts Appz Makers Pvt Ltd Colombo 29 Mar 2026 29 Mar,itpro.lk
AI / ML EngineerLucido SystemsColombo29 Mar 202629 Mar,Lucido Systems,,2026-03-29T22:33:23+05:30,AI and Data,AI / ML Engineer Lucido Systems Colombo 29 Mar 2026 29 Mar,itpro.lk
Data Migration EngineerInvenza Digital TechnologiesColombo21 Mar 202621 Mar,Invenza Digital Technologies,,2026-03-21T15:43:55+05:30,AI and Data,Data Migration Engineer Invenza Digital Technologies Colombo 21 Mar 2026 21 Mar,itpro.lk
Tech Lead - Data EngineeringORYSYS LimitedColombo21 Mar 202621 Mar,ORYSYS Limited,,2026-03-21T13:07:08+05:30,AI and Data,Tech Lead - Data Engineering ORYSYS Limited Colombo 21 Mar 2026 21 Mar,itpro.lk
Interns and Developers - Artificial IntellgenceLfi.oneColombo20 Mar 202620 Mar,Lfi.one,,2026-03-20T15:51:20+05:30,AI and Data,Interns and Developers - Artificial Intellgence Lfi.one Colombo 20 Mar 2026 20 Mar,itpro.lk
Solution Architect - Enterprise Voice AI & Distributed SystemsVeracity DigitalColombo27 Feb 202627 Feb,Veracity Digital,,2026-02-27T18:00:33+05:30,AI and Data,Solution Architect - Enterprise Voice AI & Distributed Systems Veracity Digital Colombo 27 Feb 2026 27 Feb,itpro.lk
Senior Data EngineerVeracity DigitalColombo27 Feb 202627 Feb,Veracity Digital,,2026-02-27T17:56:21+05:30,AI and Data,Senior Data Engineer Veracity Digital Colombo 27 Feb 2026 27 Feb,itpro.lk
Engineer - Al MediaeBuilderColombo27 Feb 202627 Feb,eBuilder,,2026-02-27T17:15:34+05:30,AI and Data,Engineer - Al Media eBuilder Colombo 27 Feb 2026 27 Feb,itpro.lk
AI/Chatbot EngineerHela Apparel HoldingsColombo23 Feb 202623 Feb,Hela Apparel Holdings,,2026-02-23T11:50:07+05:30,AI and Data,AI/Chatbot Engineer Hela Apparel Holdings Colombo 23 Feb 2026 23 Feb,itpro.lk
Machine Learning EngineerHela Apparel HoldingsColombo23 Feb 202623 Feb,Hela Apparel Holdings,,2026-02-23T11:48:32+05:30,AI and Data,Machine Learning Engineer Hela Apparel Holdings Colombo 23 Feb 2026 23 Feb,itpro.lk
Data EngineerHela Apparel HoldingsColombo23 Feb 202623 Feb,Hela Apparel Holdings,,2026-02-23T11:46:53+05:30,AI and Data,Data Engineer Hela Apparel Holdings Colombo 23 Feb 2026 23 Feb,itpro.lk
Data Product ManagerHela Apparel HoldingsColombo23 Feb 202623 Feb,Hela Apparel Holdings,,2026-02-23T11:45:00+05:30,AI and Data,Data Product Manager Hela Apparel Holdings Colombo 23 Feb 2026 23 Feb,itpro.lk
AI Practice Lead / Data ArchitectHela Apparel HoldingsColombo23 Feb 202623 Feb,Hela Apparel Holdings,,2026-02-23T11:43:14+05:30,AI and Data,AI Practice Lead / Data Architect Hela Apparel Holdings Colombo 23 Feb 2026 23 Feb,itpro.lk
Recovery Data Analyst - Device Financing (Senior Executive Grade)Fintrex Finance PLCColombo14 Feb 202614 Feb,Fintrex Finance PLC,,2026-02-14T09:21:18+05:30,AI and Data,Recovery Data Analyst - Device Financing (Senior Executive Grade) Fintrex Finance PLC Colombo 14 Feb 2026 14 Feb,itpro.lk
Data Analyst - Power BINDB Capital HoldingsColombo12 Feb 202612 Feb,NDB Capital Holdings,,2026-02-12T10:22:52+05:30,AI and Data,Data Analyst - Power BI NDB Capital Holdings Colombo 12 Feb 2026 12 Feb,itpro.lk
Senior Machine Learning EngineerCeylon Dazzling Dev HoldingRemote09 Feb 202609 Feb,Ceylon Dazzling Dev Holding,,2026-02-09T04:47:51+05:30,AI and Data,Senior Machine Learning Engineer Ceylon Dazzling Dev Holding Remote 09 Feb 2026 09 Feb,itpro.lk
Business AnalystPacificKodeColombo02 May 202602 May,PacificKode,,2026-05-02T09:57:05+05:30,Management and Business,Business Analyst PacificKode Colombo 02 May 2026 02 May,itpro.lk
Technical Project ManagerPacificKodeColombo01 May 202601 May,PacificKode,,2026-05-01T14:44:08+05:30,Management and Business,Technical Project Manager PacificKode Colombo 01 May 2026 01 May,itpro.lk
Business Analyst InternHotfix TechRemote01 May 202601 May,Hotfix Tech,,2026-05-01T12:16:48+05:30,Management and Business,Business Analyst Intern Hotfix Tech Remote 01 May 2026 01 May,itpro.lk
"Project Management InternSisenco DigitalKottawa, Colombo01 May 202601 May",Sisenco Digital,,2026-05-01T12:06:38+05:30,Management and Business,"Project Management Intern Sisenco Digital Kottawa, Colombo 01 May 2026 01 May",itpro.lk
Operations InternXavier AIColombo01 May 202601 May,Xavier AI,,2026-05-01T09:54:54+05:30,Management and Business,Operations Intern Xavier AI Colombo 01 May 2026 01 May,itpro.lk
IT Operations ManagerVsoft TechnologiesKandy28 Apr 202628 Apr,Vsoft Technologies,,2026-04-28T23:29:40+05:30,Management and Business,IT Operations Manager Vsoft Technologies Kandy 28 Apr 2026 28 Apr,itpro.lk
IT Sales Executive (WFH)Loopz Global (Pvt) LtdRemote27 Apr 202627 Apr,Loopz Global (Pvt) Ltd,,2026-04-27T15:03:29+05:30,Management and Business,IT Sales Executive (WFH) Loopz Global (Pvt) Ltd Remote 27 Apr 2026 27 Apr,itpro.lk
Project Manager (Delivery Management / Project Coordination)VitalHub Innovations LabColombo24 Apr 202624 Apr,VitalHub Innovations Lab,,2026-04-24T18:36:48+05:30,Management and Business,Project Manager (Delivery Management / Project Coordination) VitalHub Innovations Lab Colombo 24 Apr 2026 24 Apr,itpro.lk
Technical Project ManagerdxdyColombo20 Apr 202620 Apr,dxdy,,2026-04-20T17:34:08+05:30,Management and Business,Technical Project Manager dxdy Colombo 20 Apr 2026 20 Apr,itpro.lk
AccountantGamage Recruiters (Pvt) LtdColombo20 Apr 202620 Apr,Gamage Recruiters (Pvt) Ltd,,2026-04-20T12:20:19+05:30,Management and Business,Accountant Gamage Recruiters (Pvt) Ltd Colombo 20 Apr 2026 20 Apr,itpro.lk
DGM Supply ChainGamage Recruiters (Pvt) LtdColombo20 Apr 202620 Apr,Gamage Recruiters (Pvt) Ltd,,2026-04-20T12:18:02+05:30,Management and Business,DGM Supply Chain Gamage Recruiters (Pvt) Ltd Colombo 20 Apr 2026 20 Apr,itpro.lk
Sales Executive - LogisticsGamage Recruiters (Pvt) LtdColombo20 Apr 202620 Apr,Gamage Recruiters (Pvt) Ltd,,2026-04-20T08:54:58+05:30,Management and Business,Sales Executive - Logistics Gamage Recruiters (Pvt) Ltd Colombo 20 Apr 2026 20 Apr,itpro.lk
Customer Service & Documentation Executive (Air Cargo GSA)Gamage Recruiters (Pvt) LtdColombo20 Apr 202620 Apr,Gamage Recruiters (Pvt) Ltd,,2026-04-20T08:44:26+05:30,Management and Business,Customer Service & Documentation Executive (Air Cargo GSA) Gamage Recruiters (Pvt) Ltd Colombo 20 Apr 2026 20 Apr,itpro.lk
Intern – Project ManagerSurecore (Pvt) LtdColombo20 Apr 202620 Apr,Surecore (Pvt) Ltd,,2026-04-20T07:41:27+05:30,Management and Business,Intern – Project Manager Surecore (Pvt) Ltd Colombo 20 Apr 2026 20 Apr,itpro.lk
Call Center Executive (Inbound & Outbound)BR LankaColombo18 Apr 202618 Apr,BR Lanka,,2026-04-18T21:15:01+05:30,Management and Business,Call Center Executive (Inbound & Outbound) BR Lanka Colombo 18 Apr 2026 18 Apr,itpro.lk
Office AssistantLuxora International Pvt LtdColombo18 Apr 202618 Apr,Luxora International Pvt Ltd,,2026-04-18T11:17:27+05:30,Management and Business,Office Assistant Luxora International Pvt Ltd Colombo 18 Apr 2026 18 Apr,itpro.lk
HR AssistantLight Box Pvt LtdColombo18 Apr 202618 Apr,Light Box Pvt Ltd,,2026-04-18T11:17:13+05:30,Management and Business,HR Assistant Light Box Pvt Ltd Colombo 18 Apr 2026 18 Apr,itpro.lk
Senior Project Manager - Core Banking Digital TransformationWisdom RecruitmentSColombo15 Apr 202615 AprActively reviewing applications,Wisdom RecruitmentS,,2026-04-15T11:17:42+05:30,Management and Business,Senior Project Manager - Core Banking Digital Transformation Wisdom RecruitmentS Colombo 15 Apr 2026 15 Apr Actively reviewing applications,itpro.lk
AI Business Analyst – Intern / GraduateCoderraColombo13 Apr 202613 Apr,Coderra,,2026-04-13T18:30:36+05:30,Management and Business,AI Business Analyst – Intern / Graduate Coderra Colombo 13 Apr 2026 13 Apr,itpro.lk
Intern Business Analyst – ITCeycertColombo09 Apr 202609 Apr,Ceycert,,2026-04-09T09:24:43+05:30,Management and Business,Intern Business Analyst – IT Ceycert Colombo 09 Apr 2026 09 Apr,itpro.lk
Junior Executive - HRGamage Recruiters (Pvt) LtdColombo09 Apr 202609 Apr,Gamage Recruiters (Pvt) Ltd,,2026-04-09T09:16:18+05:30,Management and Business,Junior Executive - HR Gamage Recruiters (Pvt) Ltd Colombo 09 Apr 2026 09 Apr,itpro.lk
Executive FinanceGamage Recruiters (Pvt) LtdColombo09 Apr 202609 Apr,Gamage Recruiters (Pvt) Ltd,,2026-04-09T09:09:01+05:30,Management and Business,Executive Finance Gamage Recruiters (Pvt) Ltd Colombo 09 Apr 2026 09 Apr,itpro.lk
Sales CoordinatorCloud PartnersColombo09 Apr 202609 Apr,Cloud Partners,,2026-04-09T08:24:23+05:30,Management and Business,Sales Coordinator Cloud Partners Colombo 09 Apr 2026 09 Apr,itpro.lk
Junior Sales Representative (Software/Engineering)Silverline ITRagama08 Apr 202608 Apr,Silverline IT,,2026-04-08T10:17:52+05:30,Management and Business,Junior Sales Representative (Software/Engineering) Silverline IT Ragama 08 Apr 2026 08 Apr,itpro.lk
Finances ExecutiveGamage Recruiters (Pvt) LtdColombo08 Apr 202608 Apr,Gamage Recruiters (Pvt) Ltd,,2026-04-08T09:26:02+05:30,Management and Business,Finances Executive Gamage Recruiters (Pvt) Ltd Colombo 08 Apr 2026 08 Apr,itpro.lk
Admin ExecutiveGamage Recruiters (Pvt) LtdColombo08 Apr 202608 Apr,Gamage Recruiters (Pvt) Ltd,,2026-04-08T09:23:41+05:30,Management and Business,Admin Executive Gamage Recruiters (Pvt) Ltd Colombo 08 Apr 2026 08 Apr,itpro.lk
Customer Service & Sales Executive (US Shift)KD Marketing GroupRemote07 Apr 202607 Apr,KD Marketing Group,,2026-04-07T23:06:04+05:30,Management and Business,Customer Service & Sales Executive (US Shift) KD Marketing Group Remote 07 Apr 2026 07 Apr,itpro.lk
Web Project ManagerEbeyonds (Pvt) LtdColombo07 Apr 202607 Apr,Ebeyonds (Pvt) Ltd,,2026-04-07T15:15:37+05:30,Management and Business,Web Project Manager Ebeyonds (Pvt) Ltd Colombo 07 Apr 2026 07 Apr,itpro.lk
Accounts and Admin ExecutiveGamage Recruiters (Pvt) LtdColombo07 Apr 202607 Apr,Gamage Recruiters (Pvt) Ltd,,2026-04-07T12:18:39+05:30,Management and Business,Accounts and Admin Executive Gamage Recruiters (Pvt) Ltd Colombo 07 Apr 2026 07 Apr,itpro.lk
Executive Assistant to ChairmanGamage Recruiters (Pvt) LtdColombo07 Apr 202607 Apr,Gamage Recruiters (Pvt) Ltd,,2026-04-07T12:03:53+05:30,Management and Business,Executive Assistant to Chairman Gamage Recruiters (Pvt) Ltd Colombo 07 Apr 2026 07 Apr,itpro.lk
Customer Development InternLONGWAppsNegombo06 Apr 202606 Apr,LONGWApps,,2026-04-06T23:32:15+05:30,Management and Business,Customer Development Intern LONGWApps Negombo 06 Apr 2026 06 Apr,itpro.lk
HR Executive (Remote US Shift)KD Marketing GroupRemote03 Apr 202603 Apr,KD Marketing Group,,2026-04-03T21:33:30+05:30,Management and Business,HR Executive (Remote US Shift) KD Marketing Group Remote 03 Apr 2026 03 Apr,itpro.lk
Senior Business AnalystDigiratina Technology SolutionsColombo02 Apr 202602 Apr,Digiratina Technology Solutions,,2026-04-02T21:31:44+05:30,Management and Business,Senior Business Analyst Digiratina Technology Solutions Colombo 02 Apr 2026 02 Apr,itpro.lk
Assistant HR ManagerSPIL LabsColombo02 Apr 202602 Apr,SPIL Labs,,2026-04-02T21:27:53+05:30,Management and Business,Assistant HR Manager SPIL Labs Colombo 02 Apr 2026 02 Apr,itpro.lk
Senior Project Manager — Business TransformationdxdyColombo02 Apr 202602 Apr,dxdy,,2026-04-02T02:51:08+05:30,Management and Business,Senior Project Manager — Business Transformation dxdy Colombo 02 Apr 2026 02 Apr,itpro.lk
Business Development Executive / Business Development ManagerOak Integrated SystemsColombo30 Mar 202630 Mar,Oak Integrated Systems,,2026-03-30T18:55:56+05:30,Management and Business,Business Development Executive / Business Development Manager Oak Integrated Systems Colombo 30 Mar 2026 30 Mar,itpro.lk
Associate / Junior Project ManagerVitalHub Innovations LabColombo30 Mar 202630 Mar,VitalHub Innovations Lab,,2026-03-30T11:39:55+05:30,Management and Business,Associate / Junior Project Manager VitalHub Innovations Lab Colombo 30 Mar 2026 30 Mar,itpro.lk
Business Development ExecutiveMinistry of BrandsKurunegala29 Mar 202629 Mar,Ministry of Brands,,2026-03-29T21:38:04+05:30,Management and Business,Business Development Executive Ministry of Brands Kurunegala 29 Mar 2026 29 Mar,itpro.lk
ERP Project Manager / ConsultantRichardson HoldingsColombo29 Mar 202629 Mar,Richardson Holdings,,2026-03-29T21:17:20+05:30,Management and Business,ERP Project Manager / Consultant Richardson Holdings Colombo 29 Mar 2026 29 Mar,itpro.lk
Senior IT ManagerLankatilesColombo29 Mar 202629 Mar,Lankatiles,,2026-03-29T21:02:48+05:30,Management and Business,Senior IT Manager Lankatiles Colombo 29 Mar 2026 29 Mar,itpro.lk
Product Sales Manager - Livestock SolutionsBileetaColombo28 Mar 202628 Mar,Bileeta,,2026-03-28T16:17:41+05:30,Management and Business,Product Sales Manager - Livestock Solutions Bileeta Colombo 28 Mar 2026 28 Mar,itpro.lk
"Finance, Compliance & HR LeadPembroke Investments (Pvt) LtdAhangama27 Mar 202627 Mar",Pembroke Investments (Pvt) Ltd,,2026-03-27T10:30:14+05:30,Management and Business,"Finance, Compliance & HR Lead Pembroke Investments (Pvt) Ltd Ahangama 27 Mar 2026 27 Mar",itpro.lk
Marketing & Administration InternWishmiQ LtdRemote27 Mar 202627 Mar,WishmiQ Ltd,,2026-03-27T06:47:04+05:30,Management and Business,Marketing & Administration Intern WishmiQ Ltd Remote 27 Mar 2026 27 Mar,itpro.lk
Business AnalystSurecore (Pvt) LtdColombo26 Mar 202626 Mar,Surecore (Pvt) Ltd,,2026-03-26T15:29:12+05:30,Management and Business,Business Analyst Surecore (Pvt) Ltd Colombo 26 Mar 2026 26 Mar,itpro.lk
HR ExecutiveAmerckColombo26 Mar 202626 Mar,Amerck,,2026-03-26T15:17:45+05:30,Management and Business,HR Executive Amerck Colombo 26 Mar 2026 26 Mar,itpro.lk
Junior Executive – Talent AcquisitionDigiratina Technology SolutionsColombo25 Mar 202625 Mar,Digiratina Technology Solutions,,2026-03-25T15:38:46+05:30,Management and Business,Junior Executive – Talent Acquisition Digiratina Technology Solutions Colombo 25 Mar 2026 25 Mar,itpro.lk
Assistant Manager - Tenders and RFPBileetaColombo23 Mar 202623 Mar,Bileeta,,2026-03-23T19:19:15+05:30,Management and Business,Assistant Manager - Tenders and RFP Bileeta Colombo 23 Mar 2026 23 Mar,itpro.lk
Trainee - Administration & OperationsORYSYS LimitedColombo23 Mar 202623 Mar,ORYSYS Limited,,2026-03-23T15:02:25+05:30,Management and Business,Trainee - Administration & Operations ORYSYS Limited Colombo 23 Mar 2026 23 Mar,itpro.lk
Deputy Manager - IT ApplicationPGP Glass Ceylon PLCHorana21 Mar 202621 Mar,PGP Glass Ceylon PLC,,2026-03-21T16:53:28+05:30,Management and Business,Deputy Manager - IT Application PGP Glass Ceylon PLC Horana 21 Mar 2026 21 Mar,itpro.lk
Sales ExecutiveInvenza Digital TechnologiesColombo21 Mar 202621 Mar,Invenza Digital Technologies,,2026-03-21T15:49:31+05:30,Management and Business,Sales Executive Invenza Digital Technologies Colombo 21 Mar 2026 21 Mar,itpro.lk
Creative Designer InternDelivergateColombo28 Apr 202628 Apr,Delivergate,,2026-04-28T03:55:22+05:30,Design and Creative,Creative Designer Intern Delivergate Colombo 28 Apr 2026 28 Apr,itpro.lk
"Graphic DesignerPrint Fever (Pvt) LtdKottawa, Pannipitiya28 Apr 202628 AprActively reviewing applications",Print Fever (Pvt) Ltd,,2026-04-28T02:23:23+05:30,Design and Creative,"Graphic Designer Print Fever (Pvt) Ltd Kottawa, Pannipitiya 28 Apr 2026 28 Apr Actively reviewing applications",itpro.lk
UI/UX Designer InternDI11 SoftRemote26 Apr 202626 Apr,DI11 Soft,,2026-04-26T17:01:15+05:30,Design and Creative,UI/UX Designer Intern DI11 Soft Remote 26 Apr 2026 26 Apr,itpro.lk
UI/UX DesignerD HELP HUB Private LimitedRemote26 Apr 202626 Apr,D HELP HUB Private Limited,,2026-04-26T13:11:56+05:30,Design and Creative,UI/UX Designer D HELP HUB Private Limited Remote 26 Apr 2026 26 Apr,itpro.lk
Video EditorRope DigitalRemote25 Apr 202625 Apr,Rope Digital,,2026-04-25T02:32:05+05:30,Design and Creative,Video Editor Rope Digital Remote 25 Apr 2026 25 Apr,itpro.lk
UI/UX Design InternMogo GamesColombo23 Apr 202623 Apr,Mogo Games,,2026-04-23T22:18:02+05:30,Design and Creative,UI/UX Design Intern Mogo Games Colombo 23 Apr 2026 23 Apr,itpro.lk
Associate UI/UX EngineerRightmo Web SolutionGalle22 Apr 202622 Apr,Rightmo Web Solution,,2026-04-22T15:03:17+05:30,Design and Creative,Associate UI/UX Engineer Rightmo Web Solution Galle 22 Apr 2026 22 Apr,itpro.lk
Graphic DesignerEnrich ArcaneColombo21 Apr 202621 Apr,Enrich Arcane,,2026-04-21T04:04:39+05:30,Design and Creative,Graphic Designer Enrich Arcane Colombo 21 Apr 2026 21 Apr,itpro.lk
UI/UX Designer - InternYggranet TechnologiesRemote20 Apr 202620 Apr,Yggranet Technologies,,2026-04-20T16:00:58+05:30,Design and Creative,UI/UX Designer - Intern Yggranet Technologies Remote 20 Apr 2026 20 Apr,itpro.lk
Junior / Intern UI/UX DesignerAmerckColombo20 Apr 202620 Apr,Amerck,,2026-04-20T05:52:41+05:30,Design and Creative,Junior / Intern UI/UX Designer Amerck Colombo 20 Apr 2026 20 Apr,itpro.lk
UI/UX Designer InternApptron SolutionsRemote19 Apr 202619 Apr,Apptron Solutions,,2026-04-19T13:36:29+05:30,Design and Creative,UI/UX Designer Intern Apptron Solutions Remote 19 Apr 2026 19 Apr,itpro.lk
Graphic DesignerThreely TechnologiesColombo18 Apr 202618 Apr,Threely Technologies,,2026-04-18T13:35:14+05:30,Design and Creative,Graphic Designer Threely Technologies Colombo 18 Apr 2026 18 Apr,itpro.lk
Graphic DesignerLifestyle SpecRemote14 Apr 202614 Apr,Lifestyle Spec,,2026-04-14T12:20:07+05:30,Design and Creative,Graphic Designer Lifestyle Spec Remote 14 Apr 2026 14 Apr,itpro.lk
Graphic DesignerUnimak Pvt LtdJaela13 Apr 202613 Apr,Unimak Pvt Ltd,,2026-04-13T19:44:10+05:30,Design and Creative,Graphic Designer Unimak Pvt Ltd Jaela 13 Apr 2026 13 Apr,itpro.lk
Digital DesignerHealthyaRemote13 Apr 202613 Apr,Healthya,,2026-04-13T17:16:26+05:30,Design and Creative,Digital Designer Healthya Remote 13 Apr 2026 13 Apr,itpro.lk
Video Editor (Remote)KD Marketing GroupRemote11 Apr 202611 Apr,KD Marketing Group,,2026-04-11T01:58:06+05:30,Design and Creative,Video Editor (Remote) KD Marketing Group Remote 11 Apr 2026 11 Apr,itpro.lk
Videographer & Video Editor – InternSilverline ITGampaha10 Apr 202610 Apr,Silverline IT,,2026-04-10T10:56:48+05:30,Design and Creative,Videographer & Video Editor – Intern Silverline IT Gampaha 10 Apr 2026 10 Apr,itpro.lk
"Junior Creative DesignerPrime One GlobalColombo, Jaffna, Vavuniya10 Apr 202610 Apr",Prime One Global,,2026-04-10T09:24:06+05:30,Design and Creative,"Junior Creative Designer Prime One Global Colombo, Jaffna, Vavuniya 10 Apr 2026 10 Apr",itpro.lk
Intern UI/UX and Graphics DesignerNeo SolutionColombo09 Apr 202609 Apr,Neo Solution,,2026-04-09T11:57:42+05:30,Design and Creative,Intern UI/UX and Graphics Designer Neo Solution Colombo 09 Apr 2026 09 Apr,itpro.lk
Graphic DesignerSamagi Spice Exports (Pvt) LtdMatara06 Apr 202606 Apr,Samagi Spice Exports (Pvt) Ltd,,2026-04-06T09:17:00+05:30,Design and Creative,Graphic Designer Samagi Spice Exports (Pvt) Ltd Matara 06 Apr 2026 06 Apr,itpro.lk
Senior UI/UX Lead (Shopify Plus)I4t LabsColombo03 Apr 202603 Apr,I4t Labs,,2026-04-03T12:24:44+05:30,Design and Creative,Senior UI/UX Lead (Shopify Plus) I4t Labs Colombo 03 Apr 2026 03 Apr,itpro.lk
Graphic DesignerVision DesigningKandy02 Apr 202602 Apr,Vision Designing,,2026-04-02T11:03:55+05:30,Design and Creative,Graphic Designer Vision Designing Kandy 02 Apr 2026 02 Apr,itpro.lk
Graphic DesignerMind SparkKadawatha01 Apr 202601 Apr,Mind Spark,,2026-04-01T09:57:52+05:30,Design and Creative,Graphic Designer Mind Spark Kadawatha 01 Apr 2026 01 Apr,itpro.lk
Creative Graphic DesignerEdwards CollectionColombo31 Mar 202631 Mar,Edwards Collection,,2026-03-31T10:02:22+05:30,Design and Creative,Creative Graphic Designer Edwards Collection Colombo 31 Mar 2026 31 Mar,itpro.lk
Creative DesignerOXO TechColombo26 Mar 202626 Mar,OXO Tech,,2026-03-26T20:35:22+05:30,Design and Creative,Creative Designer OXO Tech Colombo 26 Mar 2026 26 Mar,itpro.lk
Graphic DesignerNation Printing (Pvt) LtdColombo24 Mar 202624 Mar,Nation Printing (Pvt) Ltd,,2026-03-24T20:43:27+05:30,Design and Creative,Graphic Designer Nation Printing (Pvt) Ltd Colombo 24 Mar 2026 24 Mar,itpro.lk
Freelance Graphic & Video Designer (Australian Market Specialist)Wisdom RecruitmentSRemote17 Mar 202617 Mar,Wisdom RecruitmentS,,2026-03-17T15:58:33+05:30,Design and Creative,Freelance Graphic & Video Designer (Australian Market Specialist) Wisdom RecruitmentS Remote 17 Mar 2026 17 Mar,itpro.lk
Mid-Level UI/UX DesignerIcellyteMathugama12 Mar 202612 Mar,Icellyte,,2026-03-12T12:48:53+05:30,Design and Creative,Mid-Level UI/UX Designer Icellyte Mathugama 12 Mar 2026 12 Mar,itpro.lk
Al Video Creator & EditoreBuilderColombo11 Mar 202611 Mar,eBuilder,,2026-03-11T13:22:39+05:30,Design and Creative,Al Video Creator & Editor eBuilder Colombo 11 Mar 2026 11 Mar,itpro.lk
Graphic Design & Social Media InternPramix Holdings Pvt LtdRagama10 Mar 202610 Mar,Pramix Holdings Pvt Ltd,,2026-03-10T16:34:44+05:30,Design and Creative,Graphic Design & Social Media Intern Pramix Holdings Pvt Ltd Ragama 10 Mar 2026 10 Mar,itpro.lk
Graphic Designer InternInfora TechRemote09 Mar 202609 Mar,Infora Tech,,2026-03-09T17:51:13+05:30,Design and Creative,Graphic Designer Intern Infora Tech Remote 09 Mar 2026 09 Mar,itpro.lk
Video Creator/EditorEbeyonds (Pvt) LtdColombo09 Mar 202609 Mar,Ebeyonds (Pvt) Ltd,,2026-03-09T14:12:26+05:30,Design and Creative,Video Creator/Editor Ebeyonds (Pvt) Ltd Colombo 09 Mar 2026 09 Mar,itpro.lk
"Graphic DesignerUniversal Eco Packaging (Pvt) LtdHonnanthara, Piliyandala09 Mar 202609 Mar",Universal Eco Packaging (Pvt) Ltd,,2026-03-09T13:08:35+05:30,Design and Creative,"Graphic Designer Universal Eco Packaging (Pvt) Ltd Honnanthara, Piliyandala 09 Mar 2026 09 Mar",itpro.lk
3D Artist Intern (Game Asset Creation)Panhinda SolutionsRemote09 Mar 202609 Mar,Panhinda Solutions,,2026-03-09T11:15:21+05:30,Design and Creative,3D Artist Intern (Game Asset Creation) Panhinda Solutions Remote 09 Mar 2026 09 Mar,itpro.lk
Creative Designer10x Creative (Pvt) LtdColombo07 Mar 202607 Mar,10x Creative (Pvt) Ltd,,2026-03-07T13:45:36+05:30,Design and Creative,Creative Designer 10x Creative (Pvt) Ltd Colombo 07 Mar 2026 07 Mar,itpro.lk
"Graphic DesignerDiaweb E Forms Pvt LimitedKiribathgoda, Makola, Biyagama & Kaduwela05 Mar 202605 Mar",Diaweb E Forms Pvt Limited,,2026-03-05T16:36:59+05:30,Design and Creative,"Graphic Designer Diaweb E Forms Pvt Limited Kiribathgoda, Makola, Biyagama & Kaduwela 05 Mar 2026 05 Mar",itpro.lk
Senior UI/UX DesignerVitalHub Innovations LabColombo05 Mar 202605 Mar,VitalHub Innovations Lab,,2026-03-05T12:48:25+05:30,Design and Creative,Senior UI/UX Designer VitalHub Innovations Lab Colombo 05 Mar 2026 05 Mar,itpro.lk
Graphic DesignerRandinu Mobile (Pvt) LtdMatara03 Mar 202603 Mar,Randinu Mobile (Pvt) Ltd,,2026-03-03T20:23:32+05:30,Design and Creative,Graphic Designer Randinu Mobile (Pvt) Ltd Matara 03 Mar 2026 03 Mar,itpro.lk
Junior Graphic DesignerThe Project Board UKColombo03 Mar 202603 Mar,The Project Board UK,,2026-03-03T20:14:56+05:30,Design and Creative,Junior Graphic Designer The Project Board UK Colombo 03 Mar 2026 03 Mar,itpro.lk
Game Environment Artist Intern (Roblox / Unity)Panhinda SolutionsRemote01 Mar 202601 Mar,Panhinda Solutions,,2026-03-01T13:16:24+05:30,Design and Creative,Game Environment Artist Intern (Roblox / Unity) Panhinda Solutions Remote 01 Mar 2026 01 Mar,itpro.lk
Intern Al Video CreatoreBuilderColombo27 Feb 202627 Feb,eBuilder,,2026-02-27T17:18:58+05:30,Design and Creative,Intern Al Video Creator eBuilder Colombo 27 Feb 2026 27 Feb,itpro.lk
Digital Content & Creative Growth SpecialistConvergence Lanka Pvt LtdColombo26 Feb 202626 Feb,Convergence Lanka Pvt Ltd,,2026-02-26T12:50:22+05:30,Design and Creative,Digital Content & Creative Growth Specialist Convergence Lanka Pvt Ltd Colombo 26 Feb 2026 26 Feb,itpro.lk
UI/UX InternZephyraTechColombo24 Feb 202624 Feb,ZephyraTech,,2026-02-24T11:47:06+05:30,Design and Creative,UI/UX Intern ZephyraTech Colombo 24 Feb 2026 24 Feb,itpro.lk
Creative DesignerINSK GroupColombo24 Feb 202624 Feb,INSK Group,,2026-02-24T10:09:16+05:30,Design and Creative,Creative Designer INSK Group Colombo 24 Feb 2026 24 Feb,itpro.lk
Freelance Graphic DesignerNexora AssociatesColombo23 Feb 202623 Feb,Nexora Associates,,2026-02-23T22:50:33+05:30,Design and Creative,Freelance Graphic Designer Nexora Associates Colombo 23 Feb 2026 23 Feb,itpro.lk
AI Content Creation InternRise Tech VillageKandy22 Feb 202622 Feb,Rise Tech Village,,2026-02-22T10:45:21+05:30,Design and Creative,AI Content Creation Intern Rise Tech Village Kandy 22 Feb 2026 22 Feb,itpro.lk
Graphic DesignerMisty ProductionsColombo21 Feb 202621 Feb,Misty Productions,,2026-02-21T15:43:27+05:30,Design and Creative,Graphic Designer Misty Productions Colombo 21 Feb 2026 21 Feb,itpro.lk
Graphic DesignerGME FinanceRemote21 Feb 202621 Feb,GME Finance,,2026-02-21T13:52:04+05:30,Design and Creative,Graphic Designer GME Finance Remote 21 Feb 2026 21 Feb,itpro.lk
Web Designer (UI/UX Only)Well Treasure AsiaColombo20 Feb 202620 Feb,Well Treasure Asia,,2026-02-20T08:03:51+05:30,Design and Creative,Web Designer (UI/UX Only) Well Treasure Asia Colombo 20 Feb 2026 20 Feb,itpro.lk
Junior Visual Designer (Creative Designer)Envision CircleColombo18 Feb 202618 Feb,Envision Circle,,2026-02-18T19:00:16+05:30,Design and Creative,Junior Visual Designer (Creative Designer) Envision Circle Colombo 18 Feb 2026 18 Feb,itpro.lk
Social Media Executive / Content CreatorTwixen Pvt LtdColombo03 May 202603 May,Twixen Pvt Ltd,,2026-05-03T09:28:28+05:30,Digital Marketing,Social Media Executive / Content Creator Twixen Pvt Ltd Colombo 03 May 2026 03 May,itpro.lk
Internship E-commerce / Digital MarketingDigit Web Lanka (Pvt) LtdThirunelvely Nelliady Chankanai24 Apr 202624 AprActively reviewing applications,Digit Web Lanka (Pvt) Ltd,,2026-04-24T09:21:40+05:30,Digital Marketing,Internship E-commerce / Digital Marketing Digit Web Lanka (Pvt) Ltd Thirunelvely Nelliady Chankanai 24 Apr 2026 24 Apr Actively reviewing applications,itpro.lk
Senior Marketing ManagerGamage Recruiters (Pvt) LtdColombo23 Apr 202623 Apr,Gamage Recruiters (Pvt) Ltd,,2026-04-23T11:41:07+05:30,Digital Marketing,Senior Marketing Manager Gamage Recruiters (Pvt) Ltd Colombo 23 Apr 2026 23 Apr,itpro.lk
Video Actor / Content CreatorBR LankaColombo18 Apr 202618 Apr,BR Lanka,,2026-04-18T21:12:37+05:30,Digital Marketing,Video Actor / Content Creator BR Lanka Colombo 18 Apr 2026 18 Apr,itpro.lk
Creative TikTok Video Creator - FemaleGlow Marketing (Pvt) LtdColombo18 Apr 202618 Apr,Glow Marketing (Pvt) Ltd,,2026-04-18T12:58:25+05:30,Digital Marketing,Creative TikTok Video Creator - Female Glow Marketing (Pvt) Ltd Colombo 18 Apr 2026 18 Apr,itpro.lk
SEO SpecialistGlow Marketing (Pvt) LtdColombo18 Apr 202618 Apr,Glow Marketing (Pvt) Ltd,,2026-04-18T12:10:35+05:30,Digital Marketing,SEO Specialist Glow Marketing (Pvt) Ltd Colombo 18 Apr 2026 18 Apr,itpro.lk
Social Media Executive - FemaleGlow Marketing (Pvt) LtdColombo18 Apr 202618 Apr,Glow Marketing (Pvt) Ltd,,2026-04-18T11:30:14+05:30,Digital Marketing,Social Media Executive - Female Glow Marketing (Pvt) Ltd Colombo 18 Apr 2026 18 Apr,itpro.lk
Digital Marketing Executive / AssistantLuxora International Pvt LtdColombo18 Apr 202618 Apr,Luxora International Pvt Ltd,,2026-04-18T11:17:00+05:30,Digital Marketing,Digital Marketing Executive / Assistant Luxora International Pvt Ltd Colombo 18 Apr 2026 18 Apr,itpro.lk
Sales and MarketingLuxora International Pvt LtdColombo18 Apr 202618 Apr,Luxora International Pvt Ltd,,2026-04-18T11:16:40+05:30,Digital Marketing,Sales and Marketing Luxora International Pvt Ltd Colombo 18 Apr 2026 18 Apr,itpro.lk
E-commerce & Digital Marketing ExecutiveCarmate.lkColombo18 Apr 202618 Apr,Carmate.lk,,2026-04-18T00:18:32+05:30,Digital Marketing,E-commerce & Digital Marketing Executive Carmate.lk Colombo 18 Apr 2026 18 Apr,itpro.lk
Business Development ExecutivePentagon I Runway Pvt LtdColombo17 Apr 202617 Apr,Pentagon I Runway Pvt Ltd,,2026-04-17T13:15:58+05:30,Digital Marketing,Business Development Executive Pentagon I Runway Pvt Ltd Colombo 17 Apr 2026 17 Apr,itpro.lk
Digital Marketing Executive10x Creative (Pvt) LtdColombo16 Apr 202616 Apr,10x Creative (Pvt) Ltd,,2026-04-16T09:14:04+05:30,Digital Marketing,Digital Marketing Executive 10x Creative (Pvt) Ltd Colombo 16 Apr 2026 16 Apr,itpro.lk
Digital Marketing & Customer Success AssistantIXD LabsColombo13 Apr 202613 Apr,IXD Labs,,2026-04-13T14:59:22+05:30,Digital Marketing,Digital Marketing & Customer Success Assistant IXD Labs Colombo 13 Apr 2026 13 Apr,itpro.lk
E-commerce Customer Service ExecutiveDigit Web Lanka (Pvt) LtdThirunelvely13 Apr 202613 Apr,Digit Web Lanka (Pvt) Ltd,,2026-04-13T12:42:18+05:30,Digital Marketing,E-commerce Customer Service Executive Digit Web Lanka (Pvt) Ltd Thirunelvely 13 Apr 2026 13 Apr,itpro.lk
IT Tele Sales AgentWebsparkRemote12 Apr 202612 Apr,Webspark,,2026-04-12T19:09:16+05:30,Digital Marketing,IT Tele Sales Agent Webspark Remote 12 Apr 2026 12 Apr,itpro.lk
Digital Marketing InternNuwali Digital SolutionsRemote10 Apr 202610 Apr,Nuwali Digital Solutions,,2026-04-10T11:00:10+05:30,Digital Marketing,Digital Marketing Intern Nuwali Digital Solutions Remote 10 Apr 2026 10 Apr,itpro.lk
"Junior Content WriterPrime One GlobalColombo, Jaffna, Vavuniya10 Apr 202610 Apr",Prime One Global,,2026-04-10T09:27:09+05:30,Digital Marketing,"Junior Content Writer Prime One Global Colombo, Jaffna, Vavuniya 10 Apr 2026 10 Apr",itpro.lk
Digital Marketing SpecialistSynnex IT Solution Private LimitedColombo09 Apr 202609 Apr,Synnex IT Solution Private Limited,,2026-04-09T12:52:31+05:30,Digital Marketing,Digital Marketing Specialist Synnex IT Solution Private Limited Colombo 09 Apr 2026 09 Apr,itpro.lk
Google Ads ExpertNilOvi AssociatesRemote08 Apr 202608 Apr,NilOvi Associates,,2026-04-08T10:59:07+05:30,Digital Marketing,Google Ads Expert NilOvi Associates Remote 08 Apr 2026 08 Apr,itpro.lk
Marketing Manager (FMCG)Gamage Recruiters (Pvt) LtdColombo08 Apr 202608 Apr,Gamage Recruiters (Pvt) Ltd,,2026-04-08T09:29:21+05:30,Digital Marketing,Marketing Manager (FMCG) Gamage Recruiters (Pvt) Ltd Colombo 08 Apr 2026 08 Apr,itpro.lk
SEO ExecutiveKD Marketing GroupRemote07 Apr 202607 Apr,KD Marketing Group,,2026-04-07T23:05:14+05:30,Digital Marketing,SEO Executive KD Marketing Group Remote 07 Apr 2026 07 Apr,itpro.lk
B2B SpecialistDigit Web Lanka (Pvt) LtdThirunelvely07 Apr 202607 Apr,Digit Web Lanka (Pvt) Ltd,,2026-04-07T16:46:23+05:30,Digital Marketing,B2B Specialist Digit Web Lanka (Pvt) Ltd Thirunelvely 07 Apr 2026 07 Apr,itpro.lk
E-commerce ExecutiveDigit Web Lanka (Pvt) LtdJaffna Nelliyadi Chankanai07 Apr 202607 Apr,Digit Web Lanka (Pvt) Ltd,,2026-04-07T16:29:02+05:30,Digital Marketing,E-commerce Executive Digit Web Lanka (Pvt) Ltd Jaffna Nelliyadi Chankanai 07 Apr 2026 07 Apr,itpro.lk
SEO SpecialistDigit Web Lanka (Pvt) LtdThirunelvely06 Apr 202606 Apr,Digit Web Lanka (Pvt) Ltd,,2026-04-06T17:47:25+05:30,Digital Marketing,SEO Specialist Digit Web Lanka (Pvt) Ltd Thirunelvely 06 Apr 2026 06 Apr,itpro.lk
Social Media ExecutiveI4t LabsColombo03 Apr 202603 Apr,I4t Labs,,2026-04-03T12:28:04+05:30,Digital Marketing,Social Media Executive I4t Labs Colombo 03 Apr 2026 03 Apr,itpro.lk
Female Video Actor / Content CreatorITX Digital Services (PVT) LTDColombo03 Apr 202603 Apr,ITX Digital Services (PVT) LTD,,2026-04-03T03:58:27+05:30,Digital Marketing,Female Video Actor / Content Creator ITX Digital Services (PVT) LTD Colombo 03 Apr 2026 03 Apr,itpro.lk
Marketing ExecutiveMicroWeJaffna02 Apr 202602 Apr,MicroWe,,2026-04-02T21:47:38+05:30,Digital Marketing,Marketing Executive MicroWe Jaffna 02 Apr 2026 02 Apr,itpro.lk
Social Media Content CreatorCBH Lands JuniperColombo01 Apr 202601 Apr,CBH Lands Juniper,,2026-04-01T10:29:52+05:30,Digital Marketing,Social Media Content Creator CBH Lands Juniper Colombo 01 Apr 2026 01 Apr,itpro.lk
Marketing ExecutiveGlobal Training Network AlliancesMoratuwa01 Apr 202601 Apr,Global Training Network Alliances,,2026-04-01T09:23:04+05:30,Digital Marketing,Marketing Executive Global Training Network Alliances Moratuwa 01 Apr 2026 01 Apr,itpro.lk
Junior Digital Marketing ExecutiveAbans GroupColombo01 Apr 202601 Apr,Abans Group,,2026-04-01T08:59:13+05:30,Digital Marketing,Junior Digital Marketing Executive Abans Group Colombo 01 Apr 2026 01 Apr,itpro.lk
Social Media Content Creator InternKyranz Marketing (Pvt) LtdRemote28 Mar 202628 Mar,Kyranz Marketing (Pvt) Ltd,,2026-03-28T14:29:58+05:30,Digital Marketing,Social Media Content Creator Intern Kyranz Marketing (Pvt) Ltd Remote 28 Mar 2026 28 Mar,itpro.lk
Content Writer - InternKyranz Marketing (Pvt) LtdRemote27 Mar 202627 Mar,Kyranz Marketing (Pvt) Ltd,,2026-03-27T17:37:07+05:30,Digital Marketing,Content Writer - Intern Kyranz Marketing (Pvt) Ltd Remote 27 Mar 2026 27 Mar,itpro.lk
Sales and Marketing InternTechverinRemote26 Mar 202626 Mar,Techverin,,2026-03-26T00:37:47+05:30,Digital Marketing,Sales and Marketing Intern Techverin Remote 26 Mar 2026 26 Mar,itpro.lk
Sales & Marketing Intern (Onsite)MillennexRajagiriya25 Mar 202625 Mar,Millennex,,2026-03-25T09:08:41+05:30,Digital Marketing,Sales & Marketing Intern (Onsite) Millennex Rajagiriya 25 Mar 2026 25 Mar,itpro.lk
Digital Marketing ExecutiveAdrian DigitalColombo22 Mar 202622 Mar,Adrian Digital,,2026-03-22T17:21:54+05:30,Digital Marketing,Digital Marketing Executive Adrian Digital Colombo 22 Mar 2026 22 Mar,itpro.lk
Digital Marketing InternHOTEL MATE PVT LTDRemote22 Mar 202622 Mar,HOTEL MATE PVT LTD,,2026-03-22T14:11:09+05:30,Digital Marketing,Digital Marketing Intern HOTEL MATE PVT LTD Remote 22 Mar 2026 22 Mar,itpro.lk
Creative TikTok Video Creator (Part-Time)Neo SolutionColombo19 Mar 202619 Mar,Neo Solution,,2026-03-19T22:28:54+05:30,Digital Marketing,Creative TikTok Video Creator (Part-Time) Neo Solution Colombo 19 Mar 2026 19 Mar,itpro.lk
Customer Service & Sales Executive (Female Only)ITX Digital Services (Pvt) LtdColombo18 Mar 202618 Mar,ITX Digital Services (Pvt) Ltd,,2026-03-18T14:55:17+05:30,Digital Marketing,Customer Service & Sales Executive (Female Only) ITX Digital Services (Pvt) Ltd Colombo 18 Mar 2026 18 Mar,itpro.lk
Social Media ManagerMudcrafts Pvt Ltd.Kandy18 Mar 202618 Mar,Mudcrafts Pvt Ltd.,,2026-03-18T12:44:20+05:30,Digital Marketing,Social Media Manager Mudcrafts Pvt Ltd. Kandy 18 Mar 2026 18 Mar,itpro.lk
Digital Marketing Executive Australian Market SpecialistWisdom RecruitmentSRemote17 Mar 202617 Mar,Wisdom RecruitmentS,,2026-03-17T15:56:16+05:30,Digital Marketing,Digital Marketing Executive Australian Market Specialist Wisdom RecruitmentS Remote 17 Mar 2026 17 Mar,itpro.lk
Enterprise Sales Consultant IT Solutions: IT Infrastructure & HardwareWisdom RecruitmentSColombo12 Mar 202612 Mar,Wisdom RecruitmentS,,2026-03-12T10:07:36+05:30,Digital Marketing,Enterprise Sales Consultant IT Solutions: IT Infrastructure & Hardware Wisdom RecruitmentS Colombo 12 Mar 2026 12 Mar,itpro.lk
Digital Marketing InternRispitJaffna11 Mar 202611 Mar,Rispit,,2026-03-11T12:23:29+05:30,Digital Marketing,Digital Marketing Intern Rispit Jaffna 11 Mar 2026 11 Mar,itpro.lk
Digital Sales & Marketing ExecutiveQdesk AI Pvt LtdKandy10 Mar 202610 Mar,Qdesk AI Pvt Ltd,,2026-03-10T10:59:23+05:30,Digital Marketing,Digital Sales & Marketing Executive Qdesk AI Pvt Ltd Kandy 10 Mar 2026 10 Mar,itpro.lk
Intern - Software Sales & Marketing ExecutiveExe.lkRemote09 Mar 202609 Mar,Exe.lk,,2026-03-09T17:00:38+05:30,Digital Marketing,Intern - Software Sales & Marketing Executive Exe.lk Remote 09 Mar 2026 09 Mar,itpro.lk
Digital Marketing InternsEbeyonds (Pvt) LtdColombo09 Mar 202609 Mar,Ebeyonds (Pvt) Ltd,,2026-03-09T13:45:47+05:30,Digital Marketing,Digital Marketing Interns Ebeyonds (Pvt) Ltd Colombo 09 Mar 2026 09 Mar,itpro.lk
Digital Marketing SpecialistEbeyonds (Pvt) LtdColombo09 Mar 202609 Mar,Ebeyonds (Pvt) Ltd,,2026-03-09T13:18:49+05:30,Digital Marketing,Digital Marketing Specialist Ebeyonds (Pvt) Ltd Colombo 09 Mar 2026 09 Mar,itpro.lk
Performance MarketerEbeyonds (Pvt) LtdColombo09 Mar 202609 Mar,Ebeyonds (Pvt) Ltd,,2026-03-09T13:14:24+05:30,Digital Marketing,Performance Marketer Ebeyonds (Pvt) Ltd Colombo 09 Mar 2026 09 Mar,itpro.lk
Junior Digital Marketing ExecutiveKoncepthiveRemote09 Mar 202609 Mar,Koncepthive,,2026-03-09T13:02:26+05:30,Digital Marketing,Junior Digital Marketing Executive Koncepthive Remote 09 Mar 2026 09 Mar,itpro.lk
Trainee Digital Marketing ExecutiveEbeyonds (Pvt) LtdColombo09 Mar 202609 Mar,Ebeyonds (Pvt) Ltd,,2026-03-09T12:29:52+05:30,Digital Marketing,Trainee Digital Marketing Executive Ebeyonds (Pvt) Ltd Colombo 09 Mar 2026 09 Mar,itpro.lk
LinkedIn Marketing InternEnliven DesignersRemote08 Mar 202608 Mar,Enliven Designers,,2026-03-08T23:52:55+05:30,Digital Marketing,LinkedIn Marketing Intern Enliven Designers Remote 08 Mar 2026 08 Mar,itpro.lk
"Embedded Systems & IoT Engineer (Intern / Junior)Sisenco DigitalKottawa, Colombo30 Apr 202630 Apr",Sisenco Digital,,2026-04-30T11:37:24+05:30,Hardware and Networking,"Embedded Systems & IoT Engineer (Intern / Junior) Sisenco Digital Kottawa, Colombo 30 Apr 2026 30 Apr",itpro.lk
Hardware Embedded EngineerAbsolx Core AIColombo25 Apr 202625 Apr,Absolx Core AI,,2026-04-25T09:26:40+05:30,Hardware and Networking,Hardware Embedded Engineer Absolx Core AI Colombo 25 Apr 2026 25 Apr,itpro.lk
Computer Hardware TechnicianAxita Computers Pvt LtdGalle23 Apr 202623 Apr,Axita Computers Pvt Ltd,,2026-04-23T22:05:40+05:30,Hardware and Networking,Computer Hardware Technician Axita Computers Pvt Ltd Galle 23 Apr 2026 23 Apr,itpro.lk
Presales Engineer - Network & ELVOak Integrated SystemsColombo08 Apr 202608 Apr,Oak Integrated Systems,,2026-04-08T09:52:17+05:30,Hardware and Networking,Presales Engineer - Network & ELV Oak Integrated Systems Colombo 08 Apr 2026 08 Apr,itpro.lk
IT Internship & Trainee TechnicianMS PC & Network ServicesColombo01 Apr 202601 Apr,MS PC & Network Services,,2026-04-01T12:32:16+05:30,Hardware and Networking,IT Internship & Trainee Technician MS PC & Network Services Colombo 01 Apr 2026 01 Apr,itpro.lk
IT Hardware TechnicianAbans GroupColombo01 Apr 202601 Apr,Abans Group,,2026-04-01T08:50:06+05:30,Hardware and Networking,IT Hardware Technician Abans Group Colombo 01 Apr 2026 01 Apr,itpro.lk
Associate Engineer - Network SupportORYSYS LimitedColombo09 Mar 202609 Mar,ORYSYS Limited,,2026-03-09T11:16:15+05:30,Hardware and Networking,Associate Engineer - Network Support ORYSYS Limited Colombo 09 Mar 2026 09 Mar,itpro.lk
Electrical EngineerGamage Recruiters (Pvt) LtdEkala27 Feb 202627 Feb,Gamage Recruiters (Pvt) Ltd,,2026-02-27T10:34:53+05:30,Hardware and Networking,Electrical Engineer Gamage Recruiters (Pvt) Ltd Ekala 27 Feb 2026 27 Feb,itpro.lk
Junior System AdministratorMetro VoyageColombo26 Feb 202626 Feb,Metro Voyage,,2026-02-26T14:50:14+05:30,Hardware and Networking,Junior System Administrator Metro Voyage Colombo 26 Feb 2026 26 Feb,itpro.lk
Computer Hardware ExecutiveNetCore SolutionsColombo24 Feb 202624 Feb,NetCore Solutions,,2026-02-24T14:46:38+05:30,Hardware and Networking,Computer Hardware Executive NetCore Solutions Colombo 24 Feb 2026 24 Feb,itpro.lk
IT ExecutiveSavi Lands (Pvt) LtdGampaha22 Feb 202622 Feb,Savi Lands (Pvt) Ltd,,2026-02-22T21:36:12+05:30,Hardware and Networking,IT Executive Savi Lands (Pvt) Ltd Gampaha 22 Feb 2026 22 Feb,itpro.lk
Computer Hardware TechnicianEMAX PVT LTDMaharagama15 Feb 202615 Feb,EMAX PVT LTD,,2026-02-15T00:06:32+05:30,Hardware and Networking,Computer Hardware Technician EMAX PVT LTD Maharagama 15 Feb 2026 15 Feb,itpro.lk
Network & IT Support EngineerCyrus Information TechnologiesColombo10 Feb 202610 Feb,Cyrus Information Technologies,,2026-02-10T08:31:27+05:30,Hardware and Networking,Network & IT Support Engineer Cyrus Information Technologies Colombo 10 Feb 2026 10 Feb,itpro.lk
